<core:FragmentDefinition xmlns="sap.m" xmlns:core="sap.ui.core">
	<TableSelectDialog id='detailLinePartSearchDialog' contentWidth="900px" noDataText="Loading...." title="Part Number Search" class="partHelp"
		items="{globalSelectItems>/MaterialsSet}">
		<columns>
			<Column hAlign="Left" width="10em">
				<Text text="SAP Part#"/>
			</Column>
			<Column width="200px">
				<Text text="Mfr"/>
			</Column>
			<Column width="200px">
				<Text text="Mfr Part #"/>
			</Column>
			<Column>
				<Text text="Description#"/>
			</Column>
			<Column width="60px" hAlign="Right">
				<Text text="List Price"/>
			</Column>
		</columns>
		<items>
			<ColumnListItem>
				<cells>
					<ObjectIdentifier text="{globalSelectItems>MaterialId}"/>
					<Text text="{path: 'globalSelectItems>ManufacturerNo', formatter: 'gdt.salesui.s4.util.Formatter.mfrName'}"/>
					<Text text="{globalSelectItems>ManufacturerPartId}"/>
					<Text text="{globalSelectItems>Description}"/>
					<ObjectNumber number="{globalSelectItems>ListPrice}" unit="{CurrencyCode}"/>
				</cells>
			</ColumnListItem>
		</items>
		<!--<ColumnListItem-->
		<!--description="{globalSelectItems>ManufacturerPartId}" -->
		<!--title="{globalSelectItems>Description}" -->
		<!--info="{path: 'globalSelectItems>ManufacturerNo', formatter: 'gdt.salesui.s4.util.Formatter.mfrName'}" />-->
	</TableSelectDialog>
	<BusyDialog id='partSearchBusy' text="Searching..." showCancelButton="false"/>
</core:FragmentDefinition>