<core:FragmentDefinition xmlns:l="sap.ui.layout" xmlns:cl="sap.ui.commons.layout" xmlns:c="sap.ui.commons" xmlns:t="sap.ui.table"
	xmlns:v="sap.ui.comp.variants" xmlns:f="sap.ui.layout.form" xmlns:core="sap.ui.core" xmlns="sap.m"
	xmlns:app="http://schemas.sap.com/sapui5/extension/sap.ui.core.CustomData/1">
	<t:Table class="sapUiSizeCompact" rows="{currentSalesDocumentLines>/}" id="lineItemsTable" visibleRowCount='5'
		showColumnVisibilityMenu='true' selectionMode='None' enableColumnReordering='true' enableColumnFreeze='true' enableCellFilter='true'
		columnSelect="handleSelectColumn">
		<t:toolbar>
			<Toolbar>
				<v:VariantManagement id="variantManagement" variantItems="{lineItemVariant>/}" select="handleSelectVariant" enabled="true"
					manage="handleManageVariant" save="handleSaveVariant" showExecuteOnSelection="false" showShare="false">
					<v:variantItems>
						<v:VariantItem text="{lineItemVariant>text}" key="{lineItemVariant>key}" global="{lineItemVariant>global}"
							labelReadOnly="{lineItemVariant>readonly}" readOnly="{lineItemVariant>readonly}" lifecyclePackage="{lineItemVariant>lifecyclePackage}"
							accessOptions="{lineItemVariant>accessOptions}"/>
					</v:variantItems>
				</v:VariantManagement>
				<ToolbarSpacer/>
				<!-- <Button icon="sap-icon://outbox" text="Cisco Punchout" type="Emphasized" 
					enabled="{currentState>/isEditMode}" visible="{= (${currentState>/isEditMode} 
					&amp;&amp; ${currentState>/isQuote} &amp;&amp; ((''+${currentSalesDocument>/SalesDocumentID}) 
					=== '0000000000')) }" press="handleCiscoPunchoutCredentials" /> -->
				<!-- <Button icon="sap-icon://outbox" text="Cisco Punchout" type="Emphasized" 
					enabled="{currentState>/isEditMode}" visible="{= (${currentState>/isEditMode} 
					&amp;&amp; ${currentState>/isQuote} &amp;&amp; (${userPref>/UserID} === 'SXVASAMSETTI' 
					|| ${userPref>/UserID} === 'DXDHAMODHARA' || ${userPref>/UserID} === 'WTTUCKER' 
					) &amp;&amp; ((''+${currentSalesDocument>/SalesDocumentID}) === '0000000000')) 
					}" press="handleCiscoPunchoutCredentials" /> -->
				<!-- <Button icon="sap-icon://outbox" text="Cisco Punchout" type="Emphasized" 
					enabled="{currentState>/isEditMode}" visible="{= (${currentState>/isEditMode} 
					&amp;&amp; ${currentState>/isQuote} &amp;&amp; (${systemInfo>/EnableCiscoPunchout} 
					=== 'X' || ${systemInfo>/EnableCiscoPunchout} === 'x' ) &amp;&amp; ((''+${currentSalesDocument>/SalesDocumentID}) 
					=== '0000000000')) }" press="handleCiscoPunchoutCredentials" /> -->
				<Button icon="sap-icon://outbox" text="Cisco Punchout" class="buttonCiscoPunchout" enabled="{currentState>/isEditMode}"
					visible="{= (${currentState>/isEditMode} &amp;&amp; ${currentState>/isCiscoPunchoutEnable} &amp;&amp; (${systemInfo>/EnableCiscoPunchout} === 'X' )) }"
					press="handleCiscoPunchout"/>
				<Button icon="sap-icon://add" text="Add Row" enabled='{currentState>/isEditMode}' visible='{currentState>/isEditMode}'
					press="handleAddDetailLine"/>
			</Toolbar>
		</t:toolbar>
		<t:columns>
			<!-- 		<t:Column id="col1" >
				<Label text="Col1" />
				<t:template>
		              <Text>
						<customData>
							<core:CustomData key="mydata" value="submitted"
								writeToDom="true" />
						</customData>
				      </Text>
				</t:template>
			</t:Column> -->
			<t:Column id='SELECTIONID' width="30px" visible="{currentState>/isEditMode}">
				<CheckBox id="SELECTION_CHECK" text="Selection" tooltip="Select All items" selected="false" select="handleToggleSelection"
					enabled='{currentState>/isEditMode}'/>
				<!-- <ToggleButton icon="sap-icon://multi-select" width="15px" class="size1" 
					press="handleToggleSelection"></ToggleButton> -->
				<!-- <core:Icon src="sap-icon://multi-select" width="15px" class="size1" 
					/> -->
				<t:template>
					<CheckBox select="handleDetailOnSelectLines" selected="{path: 'currentSalesDocumentLines>Selected'}"
						enabled="{= (!${currentSalesDocumentLines>WBSElement} &amp;&amp; !${currentSalesDocumentLines>MarkedAsDeleted} &amp;&amp; ${currentState>/isEditMode} &amp;&amp; (${path:'currentSalesDocumentLines>ItemCategory',formatter:'gdt.salesui.s4.util.Formatter.isEditableOnItemCategory'}) &amp;&amp; (((''+${currentSalesDocumentLines>ItemCategory}).substring(0,1) !== 'Y') || !!${currentSalesDocumentLines>ReasonForRejection})) }"/>
				</t:template>
			</t:Column>
			<t:Column id="STATUS" width="50px" visible="{= (${currentState>/isSalesOrder})}">
				<Text text="Status"/>
				<t:template>
					<core:Icon src="{= 'sap-icon://' + ((!!${currentSalesDocumentLines>ReasonForRejection}) ? 'message-error' : 'message-success') }"
						tooltip="{path: 'currentSalesDocumentLines>ReasonForRejection', formatter: 'gdt.salesui.s4.util.Formatter.rejectionDescription'}"
						color="{= ((!!${currentSalesDocumentLines>ReasonForRejection}) ? 'red' : 'green') }" press="handleClearRejected"
						visible="{= ((''+${currentSalesDocumentLines>ItemCategory}).substring(0,1) === 'Y' || (!!${currentSalesDocumentLines>ReasonForRejection}) ) }"/>
					<!-- enabled="{= !${currentSalesDocumentLines>MarkedAsDeleted} &amp;&amp; 
						!${currentSalesDocumentLines>DeletedFlag} &amp;&amp; ${currentState>/isEditMode} 
						}" -->
				</t:template>
			</t:Column>
			<t:Column id="NOTES" width="40px">
				<Text text="Notes" wrapping="false"/>
				<t:template>
					<core:Icon src="sap-icon://notes"
						color="{path: 'currentSalesDocumentLines>HasNotesFlag', formatter: 'gdt.salesui.s4.util.Formatter.isEnabled'}" press="handleDetailLineNotes"/>
				</t:template>
			</t:Column>
			<t:Column id="LINE" width="56px" sortProperty="SalesDocumentLineID">
				<Text text="Line" wrapping="false"/>
				<t:template>
					<Input
						tooltip="SAP Line: {path: 'currentSalesDocumentLines>SalesDocumentLineID'} Parent Line: {path: 'currentSalesDocumentLines>ParentLineID'}"
						valueStateText="Line number must not be empty. Maximum 12 characters." showValueStateMessage="false"
						value="{path: 'currentSalesDocumentLines>StructuredLineID', type : 'sap.ui.model.type.String', constraints: {minLength: 1, maxLength: 12} }"
						editable="{= (!${currentSalesDocumentLines>WBSElement} &amp;&amp; !${currentSalesDocumentLines>MarkedAsDeleted} &amp;&amp; ${currentState>/isEditMode} &amp;&amp; (${path:'currentSalesDocumentLines>ItemCategory',formatter:'gdt.salesui.s4.util.Formatter.isEditableOnItemCategory'}) &amp;&amp; (((''+${currentSalesDocumentLines>ItemCategory}).substring(0,1) !== 'Y') || !!${currentSalesDocumentLines>ReasonForRejection}) ) }"
						change="handleChangeLineID"/>
				</t:template>
			</t:Column>
			<t:Column id="REFLN" width="90px" visible="{currentState>/isQuote}">
				<Text text="Ref Ln" tooltip="Reference Line"/>
				<t:template>
					<Input valueStateText="Reference Line number must not be empty. Maximum 6 characters." showValueStateMessage="false"
						value="{path: 'currentSalesDocumentLines>CustomerPOLineID', type : 'sap.ui.model.type.String', constraints: {minLength: 1, maxLength: 6} }"
						editable="{= (!${currentSalesDocumentLines>WBSElement} &amp;&amp; !${currentSalesDocumentLines>MarkedAsDeleted} &amp;&amp; ${currentState>/isEditMode} &amp;&amp; (${path:'currentSalesDocumentLines>ItemCategory',formatter:'gdt.salesui.s4.util.Formatter.isEditableOnItemCategory'}) &amp;&amp; (((''+${currentSalesDocumentLines>ItemCategory}).substring(0,1) !== 'Y') || !!${currentSalesDocumentLines>ReasonForRejection} )) }"/>
				</t:template>
			</t:Column>
			<t:Column id="POLN" width="90px" visible="{currentState>/isSalesOrder}">
				<Text text="PO Ln" tooltip="Line number from Customer Purchase Order"/>
				<t:template>
					<Input valueStateText="PO Line number must not be empty. Maximum 6 characters." showValueStateMessage="false"
						value="{path: 'currentSalesDocumentLines>CustomerPOLineID', type : 'sap.ui.model.type.String', constraints: {minLength: 1, maxLength: 6} }"
						editable="{= (!${currentSalesDocumentLines>WBSElement} &amp;&amp; !${currentSalesDocumentLines>MarkedAsDeleted} &amp;&amp; ${currentState>/isEditMode} ) }"/>
				</t:template>
			</t:Column>
			<t:Column id="QTY" width="56px">
				<Text text="Qty"/>
				<t:template>
					<Input valueStateText="Qty must be between 1 and 9,999,999,999." change='handleDetailQtyChange' showValueStateMessage="false"
						value="{path: 'currentSalesDocumentLines>QTY', type : 'sap.ui.model.type.Integer', formatOptions: { groupingEnabled: true, groupingSeparator:',' }, constraints: {minimum: 1, maximum: 9999999999} }"
						editable="{= (!${currentSalesDocumentLines>WBSElement} &amp;&amp; !${currentSalesDocumentLines>MarkedAsDeleted} &amp;&amp; ${currentState>/isEditMode} &amp;&amp; (${path:'currentSalesDocumentLines>ItemCategory',formatter:'gdt.salesui.s4.util.Formatter.isEditableOnItemCategory'}) &amp;&amp; (((''+${currentSalesDocumentLines>ItemCategory}).substring(0,1) !== 'Y') || !!${currentSalesDocumentLines>ReasonForRejection}) ) }"/>
				</t:template>
			</t:Column>
			<!-- The BELOW LINES ARE COMMENTED AS THESE FIELDS ARE AVAILABLE IN NEW 
				FEATURED Called 'AVAILABLE QUANTITY -->
			<!-- <t:Column id="ORDERED" width="56px" visible="{currentState>/isSubmittedSalesOrder}"> 
				<Text text="Ordered"/> <t:template><Input showValueStateMessage="false" value="{path: 
				'currentSalesDocumentLines>QtyOrdered', type : 'sap.ui.model.type.Integer', 
				formatOptions: { groupingEnabled: true, groupingSeparator:',' }, constraints: 
				{minimum: 1, maximum: 9999999999} }" editable="false"/></t:template> </t:Column> 
				<t:Column id="RECEIVED" width="56px" visible="{currentState>/isSubmittedSalesOrder}"> 
				<Text text="Received"/> <t:template><Input showValueStateMessage="false" 
				value="{path: 'currentSalesDocumentLines>QtyReceived', type : 'sap.ui.model.type.Integer', 
				formatOptions: { groupingEnabled: true, groupingSeparator:',' }, constraints: 
				{minimum: 1, maximum: 9999999999} }" editable="false"/></t:template> </t:Column> 
				<t:Column id="SHIPPED" width="56px" visible="{currentState>/isSubmittedSalesOrder}"> 
				<Text text="Shipped"/> <t:template><Input showValueStateMessage="false" value="{path: 
				'currentSalesDocumentLines>QtyShipped', type : 'sap.ui.model.type.Integer', 
				formatOptions: { groupingEnabled: true, groupingSeparator:',' }, constraints: 
				{minimum: 1, maximum: 9999999999} }" editable="false"/></t:template> </t:Column> -->
			<t:Column id="BILLED" width="56px" visible="{currentState>/isSubmittedSalesOrder}">
				<Text text="Billed"/>
				<t:template>
					<Input showValueStateMessage="false"
						value="{path: 'currentSalesDocumentLines>QtyBilled', type : 'sap.ui.model.type.Integer', formatOptions: { groupingEnabled: true, groupingSeparator:',' }, constraints: {minimum: 1, maximum: 9999999999} }"
						editable="false"/>
				</t:template>
			</t:Column>
			<t:Column id="MFR" width="200px">
				<Text text="Manufacturer"/>
				<t:template>
					<Input app:rowid="{currentSalesDocumentLines>SalesDocumentLineID}"
						tooltip="SAP Manufacturer ID: {path: 'currentSalesDocumentLines>ManufacturerID'}" id="mfrId"
						value="{path: 'currentSalesDocumentLines>ManufacturerID', formatter: 'gdt.salesui.s4.util.Formatter.mfrName'}" type="Text"
						showSuggestion="true" filterSuggests="false" startSuggestion="0" suggest="handleSuggestMfr" maxSuggestionWidth="300px"
						placeholder="Enter Mfr..." enabled="true"
						editable="{= (!${currentSalesDocumentLines>WBSElement} &amp;&amp; !${currentSalesDocumentLines>MarkedAsDeleted} &amp;&amp; ${currentState>/isEditMode} &amp;&amp; (${path:'currentSalesDocumentLines>ItemCategory',formatter:'gdt.salesui.s4.util.Formatter.isEditableOnItemCategory'}) &amp;&amp; ((''+${currentSalesDocumentLines>ItemCategory}).substring(0,1) !== 'Y')) }"
						change="handleChangeMfrID"/>
				</t:template>
			</t:Column>
			<t:Column id="PARTNO" width="260px" filterProperty="CustomerPartID">
				<Text text="Part # Requested"/>
				<t:template>
					<Input app:rowid="{currentSalesDocumentLines>SalesDocumentLineID}"
						tooltip="SAP Material ID: {path: 'currentSalesDocumentLines>CustomerMaterialID'}" id="MfrPartID"
						valueStateText="Requested Part # must not be empty. Maximum 40 characters." showValueStateMessage="false"
						value="{path: 'currentSalesDocumentLines>CustomerPartID', type : 'sap.ui.model.type.String', constraints: {minLength: 1, maxLength: 40} }"
						placeholder="Part # requested" showValueHelp="true" valueHelpRequest="handlePartIDHelp" change="handleChangePartID"
						editable="{= (!${currentSalesDocumentLines>WBSElement} &amp;&amp; !${currentSalesDocumentLines>MarkedAsDeleted} &amp;&amp; ${currentState>/isEditMode} &amp;&amp; (${path:'currentSalesDocumentLines>ItemCategory',formatter:'gdt.salesui.s4.util.Formatter.isEditableOnItemCategory'}) &amp;&amp; ((''+${currentSalesDocumentLines>ItemCategory}).substring(0,1) !== 'Y')) }"/>
				</t:template>
			</t:Column>
			<t:Column id="DESCRIPTION" width="400px">
				<Text text="Description"/>
				<t:template>
					<Input value="{currentSalesDocumentLines>Description}" tooltip="{path: 'currentSalesDocumentLines>LongDescription'}"
						placeholder="Line item description"
						editable="{= (!${currentSalesDocumentLines>WBSElement} &amp;&amp; !${currentSalesDocumentLines>MarkedAsDeleted} &amp;&amp; ${currentState>/isEditMode} &amp;&amp; (${path:'currentSalesDocumentLines>ItemCategory',formatter:'gdt.salesui.s4.util.Formatter.isEditableOnItemCategory'}) &amp;&amp; (((''+${currentSalesDocumentLines>ItemCategory}).substring(0,1) !== 'Y') || !!${currentSalesDocumentLines>ReasonForRejection}) ) }"/>
				</t:template>
			</t:Column>
			<t:Column id="VENDOR" width="330px">
				<Text text="Vendor"/>
				<t:template>
					<Input app:rowid="{currentSalesDocumentLines>SalesDocumentLineID}" tooltip="SAP Vendor ID: {path: 'currentSalesDocumentLines>VendorID'}"
						value="{path: 'currentSalesDocumentLines>VendorID', formatter: 'gdt.salesui.s4.util.Formatter.vdrName'}" type="Text" showSuggestion="true"
						filterSuggests="false" startSuggestion="3" suggest="handleSuggestMfr" maxSuggestionWidth="300px"
						placeholder="Enter Vendor atleast 3 chars to give values..." enabled="true"
						editable="{= (!${currentSalesDocumentLines>WBSElement} &amp;&amp; !${currentSalesDocumentLines>MarkedAsDeleted} &amp;&amp; ${currentState>/isEditMode} &amp;&amp; (${path:'currentSalesDocumentLines>ItemCategory',formatter:'gdt.salesui.s4.util.Formatter.isEditableOnItemCategory'}) &amp;&amp; (((''+${currentSalesDocumentLines>ItemCategory}).substring(0,1) !== 'Y') || !!${currentSalesDocumentLines>ReasonForRejection}) ) }"
						change="handleChangeMfrID"/>
				</t:template>
			</t:Column>
			<!-- visible="{=((${currentSalesDocument>/DocumentType} === 'ZOR2'))}" -->
			<t:Column id="EDIMFRPN" width="150px">
				<Text text="EDI Mfrpn"/>
				<t:template>
					<Input value="{currentSalesDocumentLines>EdiMfrpn}" tooltip="{path: 'currentSalesDocumentLines>EdiMfrpn'}" editable="false"/>
				</t:template>
			</t:Column>
			<t:Column id="KDMAT" width="150px">
				<Text text="Customer Material"/>
				<t:template>
					<Input app:rowid="{currentSalesDocumentLines>SalesDocumentLineID}"
						tooltip="SAP Customer Material ID: {path: 'currentSalesDocumentLines>Kdmat'}" value="{path: 'currentSalesDocumentLines>Kdmat'}" type="Text"
						editable="{=((${currentSalesDocument>/DocumentType} !== 'ZOR2') &amp;&amp; ${currentState>/isEditMode}) }" change="handleChangeMfrID"/>
				</t:template>
			</t:Column>
					<t:Column id="LISTPRICE" width="110px">
				<Text text="List Price"/>
				<t:template>
					<Input valueStateText="List Price must be between 0 and 9,999,999,999.99." showValueStateMessage="false"
						value="{path: 'currentSalesDocumentLines>ListPrice', type : 'sap.ui.model.type.Float', formatOptions: {decimalSeparator:'.', groupingSeparator:',', minIntegerDigits: 1, maxIntegerDigits: 10, minFractionDigits: 2, maxFractionDigits: 2}, constraints: {minimum: -9999999999, maximum: 9999999999} }"
						editable="{= (!${currentSalesDocumentLines>WBSElement} &amp;&amp; !${currentSalesDocumentLines>MarkedAsDeleted} &amp;&amp; ${currentState>/isEditMode} &amp;&amp; (${path:'currentSalesDocumentLines>ItemCategory',formatter:'gdt.salesui.s4.util.Formatter.isEditableOnItemCategory'}) &amp;&amp; (((''+${currentSalesDocumentLines>ItemCategory}).substring(0,1) !== 'Y') || !!${currentSalesDocumentLines>ReasonForRejection}) ) }"/>
				</t:template>
			</t:Column>
			<t:Column id="GDTDISCOUNTPERCENT" width="90px">
				<Text text="GDT Disc. %"/>
				<t:template>
					<Input class="gdt_discount" valueStateText="GDT Discount Points must be between 0.00 and 99.99." showValueStateMessage="false"
						value="{path: 'currentSalesDocumentLines>GDTDiscountPercent', type : 'sap.ui.model.type.Float', formatOptions: {decimalSeparator:'.', groupingSeparator:',', minIntegerDigits: 2, maxIntegerDigits: 3, minFractionDigits: 2, maxFractionDigits: 3}, constraints: {minimum: 0, maximum: 100} }"
						editable="{= (!${currentSalesDocumentLines>WBSElement} &amp;&amp; !${currentSalesDocumentLines>MarkedAsDeleted} &amp;&amp; ${currentState>/isEditMode} &amp;&amp; (${path:'currentSalesDocumentLines>ItemCategory',formatter:'gdt.salesui.s4.util.Formatter.isEditableOnItemCategory'}) &amp;&amp; (((''+${currentSalesDocumentLines>ItemCategory}).substring(0,1) !== 'Y') || !!${currentSalesDocumentLines>ReasonForRejection}) ) }"/>
				</t:template>
			</t:Column>
			<t:Column id="UNITCOST" width="110px">
				<Text text="Unit Cost"/>
				<t:template>
					<Input valueStateText="Unit Cost must be between 0 and 9,999,999,999.99." showValueStateMessage="false"
						value="{path: 'currentSalesDocumentLines>UnitCost', type : 'sap.ui.model.type.Float', formatOptions: {decimalSeparator:'.', groupingSeparator:',', minIntegerDigits: 1, maxIntegerDigits: 10, minFractionDigits: 2, maxFractionDigits: 2}, constraints: {minimum: 0, maximum: 9999999999} }"
						editable="{= (!${currentSalesDocumentLines>WBSElement} &amp;&amp; !${currentSalesDocumentLines>MarkedAsDeleted} &amp;&amp; ${currentState>/isEditMode} &amp;&amp; (${path:'currentSalesDocumentLines>ItemCategory',formatter:'gdt.salesui.s4.util.Formatter.isEditableOnItemCategory'}) &amp;&amp; (((''+${currentSalesDocumentLines>ItemCategory}).substring(0,1) !== 'Y') || !!${currentSalesDocumentLines>ReasonForRejection}) ) }"/>
				</t:template>
			</t:Column>
			<t:Column id="EXTENDEDCOST" width="110px">
				<Text text="Ext. Cost"/>
				<t:template>
					<Input valueStateText="Extended Cost must be between 0 and 9,999,999,999.99." showValueStateMessage="false"
						value="{path: 'currentSalesDocumentLines>ExtendedCost', type : 'sap.ui.model.type.Float', formatOptions: {decimalSeparator:'.', groupingSeparator:',', minIntegerDigits: 1, maxIntegerDigits: 10, minFractionDigits: 2, maxFractionDigits: 2}, constraints: {minimum: 0, maximum: 9999999999} }"
						editable="{= (!${currentSalesDocumentLines>WBSElement} &amp;&amp; !${currentSalesDocumentLines>MarkedAsDeleted} &amp;&amp; ${currentState>/isEditMode} &amp;&amp; (${path:'currentSalesDocumentLines>ItemCategory',formatter:'gdt.salesui.s4.util.Formatter.isEditableOnItemCategory'}) &amp;&amp; (((''+${currentSalesDocumentLines>ItemCategory}).substring(0,1) !== 'Y') || !!${currentSalesDocumentLines>ReasonForRejection}) ) }"/>
				</t:template>
			</t:Column>
			<t:Column id="CUSTOMERDISCOUNT" width="90px">
				<Text text="Cust. Disc. %"/>
				<t:template>
					<Input class="cust_discount" valueStateText="Customer Discount Points must be between 0.00 and 99.99." showValueStateMessage="false"
						value="{path: 'currentSalesDocumentLines>CustomerDiscountPercent', type : 'sap.ui.model.type.Float', formatOptions: {decimalSeparator:'.', groupingSeparator:',', minIntegerDigits: 2, maxIntegerDigits: 3, minFractionDigits: 2, maxFractionDigits: 3}, constraints: {minimum: 0, maximum: 100} }"
						editable="{= (!${currentSalesDocumentLines>WBSElement} &amp;&amp; !${currentSalesDocumentLines>MarkedAsDeleted} &amp;&amp; ${currentState>/isEditMode} &amp;&amp; (${path:'currentSalesDocumentLines>ItemCategory',formatter:'gdt.salesui.s4.util.Formatter.isEditableOnItemCategory'}) &amp;&amp; (((''+${currentSalesDocumentLines>ItemCategory}).substring(0,1) !== 'Y') || !!${currentSalesDocumentLines>ReasonForRejection}) ) }"/>
				</t:template>
			</t:Column>
			<t:Column id="UNITPRICE" width="110px">
				<Text text="Unit Price"/>
				<t:template>
					<Input valueStateText="Unit Price must be between 0 and 9,999,999,999.99." showValueStateMessage="false"
						value="{path: 'currentSalesDocumentLines>UnitPrice', type : 'sap.ui.model.type.Float', formatOptions: {decimalSeparator:'.', groupingSeparator:',', minIntegerDigits: 1, maxIntegerDigits: 10, minFractionDigits: 2, maxFractionDigits: 2}, constraints: {minimum: 0, maximum: 9999999999} }"
						editable="{= (!${currentSalesDocumentLines>WBSElement} &amp;&amp; !${currentSalesDocumentLines>MarkedAsDeleted} &amp;&amp; ${currentState>/isEditMode} &amp;&amp; (${path:'currentSalesDocumentLines>ItemCategory',formatter:'gdt.salesui.s4.util.Formatter.isEditableOnItemCategory'}) &amp;&amp; (((''+${currentSalesDocumentLines>ItemCategory}).substring(0,1) !== 'Y') || !!${currentSalesDocumentLines>ReasonForRejection}) ) }"/>
				</t:template>
			</t:Column>
			<t:Column id="EXTPRICE" width="110px">
				<Text text="Ext. Price"/>
				<t:template>
					<Input valueStateText="Extended Price must be between 0 and 9,999,999,999.99." showValueStateMessage="false"
						value="{path: 'currentSalesDocumentLines>ExtendedPrice', type : 'sap.ui.model.type.Float', formatOptions: {decimalSeparator:'.', groupingSeparator:',', minIntegerDigits: 1, maxIntegerDigits: 10, minFractionDigits: 2, maxFractionDigits: 2}, constraints: {minimum: 0, maximum: 9999999999} }"
						editable="{= (!${currentSalesDocumentLines>WBSElement} &amp;&amp; !${currentSalesDocumentLines>MarkedAsDeleted} &amp;&amp; ${currentState>/isEditMode} &amp;&amp; (${path:'currentSalesDocumentLines>ItemCategory',formatter:'gdt.salesui.s4.util.Formatter.isEditableOnItemCategory'}) &amp;&amp; (((''+${currentSalesDocumentLines>ItemCategory}).substring(0,1) !== 'Y') || !!${currentSalesDocumentLines>ReasonForRejection}) ) }"/>
				</t:template>
			</t:Column>
			<t:Column id="GP" width="100px">
				<Text text="GP"/>
				<t:template>
					<Input valueStateText="Gross Profit must be between 0 and 9,999,999,999.99." showValueStateMessage="false"
						value="{path: 'currentSalesDocumentLines>GrossProfit', type : 'sap.ui.model.type.Float', formatOptions: {decimalSeparator:'.', groupingSeparator:',', minIntegerDigits: 1, maxIntegerDigits: 10, minFractionDigits: 2, maxFractionDigits: 2}, constraints: {minimum: 0, maximum: 9999999999} }"
						editable="{= (!${currentSalesDocumentLines>WBSElement} &amp;&amp; !${currentSalesDocumentLines>MarkedAsDeleted} &amp;&amp; ${currentState>/isEditMode} &amp;&amp; (${path:'currentSalesDocumentLines>ItemCategory',formatter:'gdt.salesui.s4.util.Formatter.isEditableOnItemCategory'}) &amp;&amp; (((''+${currentSalesDocumentLines>ItemCategory}).substring(0,1) !== 'Y') || !!${currentSalesDocumentLines>ReasonForRejection}) ) }"/>
				</t:template>
			</t:Column>
			<t:Column id="GP_PERCENT" width="90px">
				<Text text="GP %"/>
				<t:template>
					<Input valueStateText="Gross Profit % must be between 0.00 and 100." showValueStateMessage="false"
						value="{path: 'currentSalesDocumentLines>GrossProfitPercentage', type : 'sap.ui.model.type.Float', formatOptions: {decimalSeparator:'.', groupingSeparator:',', minIntegerDigits: 1, maxIntegerDigits: 3, minFractionDigits: 2, maxFractionDigits: 3}, constraints: {minimum: 0, maximum: 100} }"
						editable="{= (!${currentSalesDocumentLines>WBSElement} &amp;&amp; !${currentSalesDocumentLines>MarkedAsDeleted} &amp;&amp; ${currentState>/isEditMode} &amp;&amp; (${path:'currentSalesDocumentLines>ItemCategory',formatter:'gdt.salesui.s4.util.Formatter.isEditableOnItemCategory'}) &amp;&amp; (((''+${currentSalesDocumentLines>ItemCategory}).substring(0,1) !== 'Y') || !!${currentSalesDocumentLines>ReasonForRejection}) ) }"/>
				</t:template>
			</t:Column>
			<t:Column id="STAGE" width="80px">
				<CheckBox id="STAGE_CHECK" text="Stage" enabled="{= (${currentState>/isEditMode})}" tooltip="Staging required in warehouse process"
					selected="false" select="handleStagingSelectAll"/>
				<!-- <Text text="Stage" tooltip="Staging required in warehouse process" 
					/> -->
				<!-- <t:template><CheckBox select="handleStagingSelect" tooltip="SAP 
					ItemCategory: {path: 'currentSalesDocumentLines>ItemCategory'}" app:rowid="{currentSalesDocumentLines>SalesDocumentLineID}" 
					selected="{path: 'currentSalesDocumentLines>ItemCategory', formatter: 'gdt.salesui.s4.util.Formatter.itemCategoryToStaging'}" 
					enabled="{= (!${currentSalesDocumentLines>WBSElement} &amp;&amp; !${currentSalesDocumentLines>MarkedAsDeleted} 
					&amp;&amp; ${currentState>/isEditMode} &amp;&amp; ((''+${currentSalesDocumentLines>ItemCategory}).substring(0,1) 
					!== 'Y') &amp;&amp; ((${currentSalesDocumentLines>EDelivery} !== 'EDELIVERY')) 
					&amp;&amp; (${currentSalesDocumentLines>MaterialGroup} === 'Z2')) }" /></t:template> -->
				<t:template>
					<CheckBox select="handleStagingSelect" tooltip="SAP ItemCategory: {path: 'currentSalesDocumentLines>ItemCategory'}"
						app:rowid="{currentSalesDocumentLines>SalesDocumentLineID}"
						selected="{path: 'currentSalesDocumentLines>ItemCategory', formatter: 'gdt.salesui.s4.util.Formatter.itemCategoryToStaging'}"
						enabled="{= (!${currentSalesDocumentLines>WBSElement} &amp;&amp; !${currentSalesDocumentLines>MarkedAsDeleted} &amp;&amp; ${currentState>/isEditMode} &amp;&amp; ((''+${currentSalesDocumentLines>ItemCategory}).substring(0,1) !== 'Y') &amp;&amp; (${currentSalesDocumentLines>MaterialGroup} === 'Z2')) }"/>
				</t:template>
			</t:Column>
			<!-- visible="{currentState>/isSalesOrder}" -->
			<t:Column id="DROPSHIP" width="80px">
				<CheckBox id="DROPSHIP_CHECK" text="D/S" enabled="{= (${currentState>/isEditMode})}" tooltip="Drop Ship from vendor to customer"
					selected="false" select="handleDropShipSelectAll"/>
				<!-- <Text text="D/S" tooltip="Drop Ship from vendor to customer" /> -->
				<!-- <t:template><CheckBox select="handleDropShipSelect" tooltip="SAP 
					ItemCategory: {path: 'currentSalesDocumentLines>ItemCategory'}" app:rowid="{currentSalesDocumentLines>SalesDocumentLineID}" 
					selected="{path: 'currentSalesDocumentLines>ItemCategory', formatter: 'gdt.salesui.s4.util.Formatter.itemCategoryToDropShip'}" 
					enabled="{= (!${currentSalesDocumentLines>WBSElement} &amp;&amp; !${currentSalesDocumentLines>MarkedAsDeleted} 
					&amp;&amp; ${currentState>/isEditMode} &amp;&amp; ((''+${currentSalesDocumentLines>ItemCategory}).substring(0,1) 
					!== 'Y') &amp;&amp; ((${currentSalesDocumentLines>EDelivery} !== 'EDELIVERY')) 
					&amp;&amp; (${currentSalesDocumentLines>MaterialGroup} === 'Z2')) }" /></t:template> -->
				<t:template>
					<CheckBox select="handleDropShipSelect" tooltip="SAP ItemCategory: {path: 'currentSalesDocumentLines>ItemCategory'}"
						app:rowid="{currentSalesDocumentLines>SalesDocumentLineID}"
						selected="{path: 'currentSalesDocumentLines>ItemCategory', formatter: 'gdt.salesui.s4.util.Formatter.itemCategoryToDropShip'}"
						enabled="{= (!${currentSalesDocumentLines>WBSElement} &amp;&amp; !${currentSalesDocumentLines>MarkedAsDeleted} &amp;&amp; ${currentState>/isEditMode} &amp;&amp; ((''+${currentSalesDocumentLines>ItemCategory}).substring(0,1) !== 'Y') &amp;&amp; (${currentSalesDocumentLines>MaterialGroup} === 'Z2')) }"/>
				</t:template>
			</t:Column>
			<!-- 			<t:Column id="SHIPTO" width="260px"
				visible="{= (((${currentSalesDocument>/DocumentType}) !== 'ZOR2')) }">
			    visible="{= (!${currentState>/isQuote} &amp;&amp; ((${currentSalesDocument>/DocumentType}) === 'ZOR2')) }">
				<Text text="Ship To" />
				<t:template>
					<Input
						app:rowid="{currentSalesDocumentLines>SalesDocumentLineID}"
						tooltip="SAP ShipTo ID: {path: 'currentSalesDocumentLines>ShipToID'}"
						id="IdshipTo"
						value="{ path: 'currentSalesDocumentLines>ShipToID', formatter: 'gdt.salesui.s4.util.Formatter.shipTo'}"
						type="Text" showSuggestion="true" filterSuggests="false"
						startSuggestion="0" suggest="handleSuggestPartner"
						maxSuggestionWidth="400px" placeholder="Enter Ship To..."
						enabled="true"
						editable="{= (!${currentSalesDocumentLines>WBSElement} &amp;&amp; !${currentSalesDocumentLines>MarkedAsDeleted} &amp;&amp; ${currentState>/isEditMode} &amp;&amp; (${path:'currentSalesDocumentLines>ItemCategory',formatter:'gdt.salesui.s4.util.Formatter.isEditableOnItemCategory'}) &amp;&amp; (((''+${currentSalesDocumentLines>ItemCategory}).substring(0,1) !== 'Y') || !!${currentSalesDocumentLines>ReasonForRejection} || ('' + ${currentSalesDocumentLines>ItemCategory} !== 'YB1')) ) }"
						change="handleChangeDetailLineShipTo" />
				</t:template>
			</t:Column> -->
			<t:Column id="EDI_SHIPTO" width="500px">
				<Text text="Ship-To"/>
				<t:template>
					<Input app:rowid="{currentSalesDocumentLines>SalesDocumentLineID}" tooltip="SAP ShipTo ID: {path: 'currentSalesDocumentLines>ShipToID'}"
						value="{ path:'currentSalesDocumentLines>DummyLineId', formatter: 'gdt.salesui.s4.util.Formatter.ediOrderShipTo'}" type="Text"
						showSuggestion="true" filterSuggests="false" startSuggestion="0" suggest="handleSuggestPartner" maxSuggestionWidth="400px"
						placeholder="Enter Ship To..." enabled="true"
						editable="{= (!${currentSalesDocumentLines>WBSElement} &amp;&amp; !${currentSalesDocumentLines>MarkedAsDeleted} &amp;&amp; ${currentState>/isEditMode} &amp;&amp; (${path:'currentSalesDocumentLines>ItemCategory',formatter:'gdt.salesui.s4.util.Formatter.isEditableOnItemCategory'}) &amp;&amp; (((''+${currentSalesDocumentLines>ItemCategory}).substring(0,1) !== 'Y') || !!${currentSalesDocumentLines>ReasonForRejection} || ('' + ${currentSalesDocumentLines>ItemCategory} !== 'YB1')) ) }"
						change="handleChangeDetailLineShipTo"/>
				</t:template>
			</t:Column>
			<t:Column id="VIA" width="120px">
				<Text text="Via" tooltip="Send to customer address via this one-time address"/>
				<t:template>
					<Button type="{path: 'currentSalesDocumentLines>', formatter: 'gdt.salesui.s4.util.Formatter.viaColor'}"
						text="{path: 'currentSalesDocumentLines>', formatter: 'gdt.salesui.s4.util.Formatter.via'}"
						tooltip="{path: 'currentSalesDocumentLines>', formatter: 'gdt.salesui.s4.util.Formatter.viatt'}" press="handleViaDetailPress"
						app:rowid="{currentSalesDocumentLines>SalesDocumentLineID}"
						enabled="{= (!${currentSalesDocumentLines>WBSElement} &amp;&amp; !${currentSalesDocumentLines>MarkedAsDeleted} &amp;&amp; ${currentState>/isEditMode} &amp;&amp; (${path:'currentSalesDocumentLines>ItemCategory',formatter:'gdt.salesui.s4.util.Formatter.isEditableOnItemCategory'}) &amp;&amp; (((''+${currentSalesDocumentLines>ItemCategory}).substring(0,1) !== 'Y') || !!${currentSalesDocumentLines>ReasonForRejection}) ) }"
						width="100%"/>
				</t:template>
			</t:Column>
			<t:Column id="SHIPTOATTN" width="300px">
				<Text text="Ship ATTN"/>
				<t:template>
					<Input value="{currentSalesDocumentLines>ShipToAttn}" tooltip="{path: 'currentSalesDocumentLines>ShipToAttn'}"
						placeholder="Ship To Attention ..."
						editable="{= (!${currentSalesDocumentLines>WBSElement} &amp;&amp; !${currentSalesDocumentLines>MarkedAsDeleted} &amp;&amp; ${currentState>/isEditMode} &amp;&amp; (${path:'currentSalesDocumentLines>ItemCategory',formatter:'gdt.salesui.s4.util.Formatter.isEditableOnItemCategory'}) &amp;&amp; (((''+${currentSalesDocumentLines>ItemCategory}).substring(0,1) !== 'Y') || !!${currentSalesDocumentLines>ReasonForRejection}) ) }"/>
				</t:template>
			</t:Column>
			<t:Column id="DEALID" width="260px">
				<Text text="Deal ID" wrapping="false"/>
				<t:template>
					<Input valueStateText="DealID/Dart has a max of 40 chars." showValueStateMessage="false"
						value="{path: 'currentSalesDocumentLines>DealID', type : 'sap.ui.model.type.String', constraints: {minLength: 0, maxLength: 40} }"
						placeholder="DART/Deal ID ..." change="handleChangeDetailLineDealID"
						editable="{= (!${currentSalesDocumentLines>WBSElement} &amp;&amp; !${currentSalesDocumentLines>MarkedAsDeleted} &amp;&amp; ${currentState>/isEditMode} &amp;&amp; (${path:'currentSalesDocumentLines>ItemCategory',formatter:'gdt.salesui.s4.util.Formatter.isEditableOnItemCategory'}) &amp;&amp; (((''+${currentSalesDocumentLines>ItemCategory}).substring(0,1) !== 'Y') || !!${currentSalesDocumentLines>ReasonForRejection}) ) }"/>
				</t:template>
			</t:Column>
			<t:Column id="CUSTPO" width="220px">
				<Text text="Cust. PO" tooltip="Customer Purchase Order number containing this line item"/>
				<t:template>
					<Input valueStateText="Customer Purchase Order Number is required. Max 35 chars." showValueStateMessage="false"
						value="{path: 'currentSalesDocumentLines>CustomerPOID', type : 'sap.ui.model.type.String', constraints: {minLength: 0, maxLength: 35} }"
						change="handleChangeCustomerPOID" placeholder="Customer PO # ..."
						editable="{= (!${currentSalesDocumentLines>WBSElement} &amp;&amp; !${currentSalesDocumentLines>MarkedAsDeleted} &amp;&amp; ${currentState>/isEditMode}) }"/>
				</t:template>
			</t:Column>
			<t:Column id="DELIVERYDATE" width="130px">
				<Text text="Delivery Date"/>
				<!-- <t:template><DateTimeInput type="Date" dateValue="{currentSalesDocumentLines>DeliveryDate}" 
					change="handleChangeDetailLineDeliveryDate" placeholder="Del. Dt..." displayFormat="MM/dd/yy" 
					editable="{= (!${currentSalesDocumentLines>WBSElement} &amp;&amp; !${currentSalesDocumentLines>MarkedAsDeleted} 
					&amp;&amp; ${currentState>/isEditMode} ) }" /></t:template> -->
				<t:template>
					<DatePicker dateValue="{currentSalesDocumentLines>DeliveryDate}" displayFormat="MM/dd/yy" change="handleChangeDetailLineDeliveryDate"
						editable="{= (!${currentSalesDocumentLines>WBSElement} &amp;&amp; !${currentSalesDocumentLines>MarkedAsDeleted} &amp;&amp; ${currentState>/isEditMode} ) }"/>
				</t:template>
			</t:Column>
			<t:Column id="CCWQUOTE" width="260px" filterProperty="ExternalQuoteID">
				<Text text="CCW Quote/Estimate #"/>
				<t:template>
					<Input showValueStateMessage="false"
						value="{path: 'currentSalesDocumentLines>ExternalQuoteID', type : 'sap.ui.model.type.String', constraints: {minLength: 0, maxLength: 60} }"
						placeholder="CCW Quote #"
						editable="{= (!${currentSalesDocumentLines>WBSElement} &amp;&amp; !${currentSalesDocumentLines>MarkedAsDeleted} &amp;&amp; ${currentState>/isEditMode} &amp;&amp; (${path:'currentSalesDocumentLines>ItemCategory',formatter:'gdt.salesui.s4.util.Formatter.isEditableOnItemCategory'}) &amp;&amp; (((''+${currentSalesDocumentLines>ItemCategory}).substring(0,1) !== 'Y') || !!${currentSalesDocumentLines>ReasonForRejection}) ) }"/>
				</t:template>
			</t:Column>
			<t:Column id="LINETYPE" width="80px" filterProperty="SmartNetLineType">
				<Text text="Line Type"/>
				<t:template>
					<Input showValueStateMessage="false"
						value="{path: 'currentSalesDocumentLines>SmartNetLineType', type : 'sap.ui.model.type.String', constraints: {minLength: 0, maxLength: 10} }"
						placeholder="{= ((''+${currentSalesDocumentLines>MARAMaterialGroup}) === 'ZSN') ? 'Line Type' : 'N/A' }"
						editable="{= ((''+${currentSalesDocumentLines>MARAMaterialGroup}) === 'ZSN') &amp;&amp; !${currentSalesDocumentLines>WBSElement} &amp;&amp; !${currentSalesDocumentLines>MarkedAsDeleted} &amp;&amp; ${currentState>/isEditMode} &amp;&amp; (${path:'currentSalesDocumentLines>ItemCategory',formatter:'gdt.salesui.s4.util.Formatter.isEditableOnItemCategory'}) &amp;&amp; (((''+${currentSalesDocumentLines>ItemCategory}).substring(0,1) !== 'Y') || !!${currentSalesDocumentLines>ReasonForRejection} ) }"/>
				</t:template>
			</t:Column>
			<t:Column id="SMARTNETPART" width="260px" filterProperty="SmartNetCoveredMaterial">
				<Text text="SmartNet Part Covered"/>
				<t:template>
					<Input showValueStateMessage="false"
						value="{path: 'currentSalesDocumentLines>SmartNetCoveredMaterial', type : 'sap.ui.model.type.String', constraints: {minLength: 0, maxLength: 30} }"
						placeholder="{= ((''+${currentSalesDocumentLines>MARAMaterialGroup}) === 'ZSN') ? 'SmartNet Part # Covered' : 'N/A' }"
						editable="{= ((''+${currentSalesDocumentLines>MARAMaterialGroup}) === 'ZSN') &amp;&amp; !${currentSalesDocumentLines>WBSElement} &amp;&amp; !${currentSalesDocumentLines>MarkedAsDeleted} &amp;&amp; ${currentState>/isEditMode} &amp;&amp; (${path:'currentSalesDocumentLines>ItemCategory',formatter:'gdt.salesui.s4.util.Formatter.isEditableOnItemCategory'}) &amp;&amp; (((''+${currentSalesDocumentLines>ItemCategory}).substring(0,1) !== 'Y') || !!${currentSalesDocumentLines>ReasonForRejection} ) }"/>
				</t:template>
			</t:Column>
			<t:Column id="SMARTNETSERIAL" width="260px" filterProperty="SmartNetCoveredSerialNumber">
				<Text text="SmartNet S/N"/>
				<t:template>
					<Input showValueStateMessage="false"
						value="{path: 'currentSalesDocumentLines>SmartNetCoveredSerialNumber', type : 'sap.ui.model.type.String', constraints: {minLength: 0, maxLength: 30} }"
						placeholder="{= ((''+${currentSalesDocumentLines>MARAMaterialGroup}) === 'ZSN') ? 'SmartNet Covered S/N' : 'N/A' }"
						editable="{= ((''+${currentSalesDocumentLines>MARAMaterialGroup}) === 'ZSN') &amp;&amp; !${currentSalesDocumentLines>WBSElement} &amp;&amp; !${currentSalesDocumentLines>MarkedAsDeleted} &amp;&amp; ${currentState>/isEditMode} &amp;&amp; (${path:'currentSalesDocumentLines>ItemCategory',formatter:'gdt.salesui.s4.util.Formatter.isEditableOnItemCategory'}) &amp;&amp; (((''+${currentSalesDocumentLines>ItemCategory}).substring(0,1) !== 'Y') || !!${currentSalesDocumentLines>ReasonForRejection} ) }"/>
				</t:template>
			</t:Column>
			<t:Column id="SMARTNETOLDSERIAL" width="260px" filterProperty="SmartNetReplacedSerialNumber">
				<Text text="SmartNet Old S/N"/>
				<t:template>
					<Input showValueStateMessage="false"
						value="{path: 'currentSalesDocumentLines>SmartNetReplacedSerialNumber', type : 'sap.ui.model.type.String', constraints: {minLength: 0, maxLength: 30} }"
						placeholder="{= ((''+${currentSalesDocumentLines>MARAMaterialGroup}) === 'ZSN') ? 'SmartNet Old S/N' : 'N/A' }"
						editable="{= ((''+${currentSalesDocumentLines>MARAMaterialGroup}) === 'ZSN') &amp;&amp; !${currentSalesDocumentLines>WBSElement} &amp;&amp; !${currentSalesDocumentLines>MarkedAsDeleted} &amp;&amp; ${currentState>/isEditMode} &amp;&amp; (${path:'currentSalesDocumentLines>ItemCategory',formatter:'gdt.salesui.s4.util.Formatter.isEditableOnItemCategory'}) &amp;&amp; (((''+${currentSalesDocumentLines>ItemCategory}).substring(0,1) !== 'Y') || !!${currentSalesDocumentLines>ReasonForRejection} ) }"/>
				</t:template>
			</t:Column>
			<t:Column id="SMARTAC" width="260px">
				<Text text="SMART Account"/>
				<t:template>
					<Input value="{currentSalesDocumentLines>SMARTAcctNo}" tooltip="{path: 'currentSalesDocumentLines>SMARTAcctNo'}"
						placeholder="SMART Account Number"
						editable="{= (!${currentSalesDocumentLines>WBSElement} &amp;&amp; !${currentSalesDocumentLines>MarkedAsDeleted} &amp;&amp; ${currentState>/isEditMode} &amp;&amp; (${path:'currentSalesDocumentLines>ItemCategory',formatter:'gdt.salesui.s4.util.Formatter.isEditableOnItemCategory'}) &amp;&amp; (((''+${currentSalesDocumentLines>ItemCategory}).substring(0,1) !== 'Y') || !!${currentSalesDocumentLines>ReasonForRejection}) ) }"/>
				</t:template>
			</t:Column>
			<!-- Made changes(smartnet -> SMARTNET ) in the value place holder : by 
				SXVASAMSETTI : 02/12/16 -->
			<t:Column id="SMARTNETCN" width="260px" filterProperty="SmartNetContractNumber">
				<Text text="SMARTNET Contract #"/>
				<t:template>
					<Input showValueStateMessage="false"
						value="{path: 'currentSalesDocumentLines>SmartNetContractNumber', type : 'sap.ui.model.type.String', constraints: {minLength: 0, maxLength: 40} }"
						placeholder="{= ((''+${currentSalesDocumentLines>MARAMaterialGroup}) === 'ZSN') ? 'SmartNet Contract #' : 'Smart Account' }"
						editable="{= !${currentSalesDocumentLines>WBSElement} &amp;&amp; !${currentSalesDocumentLines>MarkedAsDeleted} &amp;&amp; ${currentState>/isEditMode} &amp;&amp; (${path:'currentSalesDocumentLines>ItemCategory',formatter:'gdt.salesui.s4.util.Formatter.isEditableOnItemCategory'}) &amp;&amp; (((''+${currentSalesDocumentLines>ItemCategory}).substring(0,1) !== 'Y') || !!${currentSalesDocumentLines>ReasonForRejection} ) }"/>
				</t:template>
			</t:Column>
			<t:Column id="SERVICELEVEL" width="80px" filterProperty="SmartNetServiceLevel">
				<Text text="Service Level"/>
				<t:template>
					<Input showValueStateMessage="false"
						value="{path: 'currentSalesDocumentLines>SmartNetServiceLevel', type : 'sap.ui.model.type.String', constraints: {minLength: 0, maxLength: 10} }"
						placeholder="{= ((''+${currentSalesDocumentLines>MARAMaterialGroup}) === 'ZSN') ? 'Service Level' : 'N/A' }"
						editable="{= ((''+${currentSalesDocumentLines>MARAMaterialGroup}) === 'ZSN' || (''+${currentSalesDocumentLines>MARAMaterialGroup}) === 'ZSL' ) &amp;&amp; !${currentSalesDocumentLines>WBSElement} &amp;&amp; !${currentSalesDocumentLines>MarkedAsDeleted} &amp;&amp; ${currentState>/isEditMode} &amp;&amp; (${path:'currentSalesDocumentLines>ItemCategory',formatter:'gdt.salesui.s4.util.Formatter.isEditableOnItemCategory'}) &amp;&amp; (((''+${currentSalesDocumentLines>ItemCategory}).substring(0,1) !== 'Y') || !!${currentSalesDocumentLines>ReasonForRejection} ) }"/>
				</t:template>
			</t:Column>
			<t:Column id="SERVICELEVELDESCRIPT" width="260px">
				<Text text="Service Level Description"/>
				<t:template>
					<Input showValueStateMessage="false"
						value="{path: 'currentSalesDocumentLines>SmartNetServiceLevelDescription', type : 'sap.ui.model.type.String', constraints: {minLength: 0, maxLength: 10} }"
						placeholder="{= ((''+${currentSalesDocumentLines>MARAMaterialGroup}) === 'ZSN') ? 'Service Level Description' : 'N/A' }"
						editable="{= ((''+${currentSalesDocumentLines>MARAMaterialGroup}) === 'ZSN' || (''+${currentSalesDocumentLines>MARAMaterialGroup}) === 'ZSL' ) &amp;&amp; !${currentSalesDocumentLines>WBSElement} &amp;&amp; !${currentSalesDocumentLines>MarkedAsDeleted} &amp;&amp; ${currentState>/isEditMode} &amp;&amp; (${path:'currentSalesDocumentLines>ItemCategory',formatter:'gdt.salesui.s4.util.Formatter.isEditableOnItemCategory'}) &amp;&amp; (((''+${currentSalesDocumentLines>ItemCategory}).substring(0,1) !== 'Y') || !!${currentSalesDocumentLines>ReasonForRejection} ) }"/>
				</t:template>
			</t:Column>
			<t:Column id="BEGINDATE" width="130px">
				<Text text="Begin Date"/>
				<!-- <t:template><DateTimeInput type="Date" dateValue="{currentSalesDocumentLines>SmartNetBeginDate}" 
					displayFormat="MM/dd/yy" editable="{= ((''+${currentSalesDocumentLines>MARAMaterialGroup}) 
					=== 'ZSN' || (''+${currentSalesDocumentLines>MARAMaterialGroup}) === 'ZSL' 
					) &amp;&amp; !${currentSalesDocumentLines>WBSElement} &amp;&amp; !${currentSalesDocumentLines>MarkedAsDeleted} 
					&amp;&amp; ${currentState>/isEditMode} &amp;&amp; (${path:'currentSalesDocumentLines>ItemCategory',formatter:'gdt.salesui.s4.util.Formatter.isEditableOnItemCategory'}) 
					&amp;&amp; (((''+${currentSalesDocumentLines>ItemCategory}).substring(0,1) 
					!== 'Y') || !!${currentSalesDocumentLines>ReasonForRejection} ) }" /></t:template> -->
				<t:template>
					<DatePicker dateValue="{currentSalesDocumentLines>SmartNetBeginDate}" displayFormat="MM/dd/yy"
						editable="{= ((''+${currentSalesDocumentLines>MARAMaterialGroup}) === 'ZSN' || (''+${currentSalesDocumentLines>MARAMaterialGroup}) === 'ZSL') &amp;&amp; !${currentSalesDocumentLines>WBSElement} &amp;&amp; !${currentSalesDocumentLines>MarkedAsDeleted} &amp;&amp; ${currentState>/isEditMode} &amp;&amp; (${path:'currentSalesDocumentLines>ItemCategory',formatter:'gdt.salesui.s4.util.Formatter.isEditableOnItemCategory'}) &amp;&amp; (((''+${currentSalesDocumentLines>ItemCategory}).substring(0,1) !== 'Y') || !!${currentSalesDocumentLines>ReasonForRejection} ) }"/>
				</t:template>
			</t:Column>
			<t:Column id="ENDDATE" width="130px">
				<Text text="End Date"/>
				<!-- <t:template><DateTimeInput type="Date" dateValue="{currentSalesDocumentLines>SmartNetEndDate}" 
					displayFormat="MM/dd/yy" editable="{= ((''+${currentSalesDocumentLines>MARAMaterialGroup}) 
					=== 'ZSN' || (''+${currentSalesDocumentLines>MARAMaterialGroup}) === 'ZSL' 
					) &amp;&amp; !${currentSalesDocumentLines>WBSElement} &amp;&amp; !${currentSalesDocumentLines>MarkedAsDeleted} 
					&amp;&amp; ${currentState>/isEditMode} &amp;&amp; (${path:'currentSalesDocumentLines>ItemCategory',formatter:'gdt.salesui.s4.util.Formatter.isEditableOnItemCategory'}) 
					&amp;&amp; (((''+${currentSalesDocumentLines>ItemCategory}).substring(0,1) 
					!== 'Y') || !!${currentSalesDocumentLines>ReasonForRejection} ) }" /></t:template> -->
				<t:template>
					<DatePicker dateValue="{currentSalesDocumentLines>SmartNetEndDate}" displayFormat="MM/dd/yy"
						editable="{= ((''+${currentSalesDocumentLines>MARAMaterialGroup}) === 'ZSN' || (''+${currentSalesDocumentLines>MARAMaterialGroup}) === 'ZSL') &amp;&amp; !${currentSalesDocumentLines>WBSElement} &amp;&amp; !${currentSalesDocumentLines>MarkedAsDeleted} &amp;&amp; ${currentState>/isEditMode} &amp;&amp; (${path:'currentSalesDocumentLines>ItemCategory',formatter:'gdt.salesui.s4.util.Formatter.isEditableOnItemCategory'}) &amp;&amp; (((''+${currentSalesDocumentLines>ItemCategory}).substring(0,1) !== 'Y') || !!${currentSalesDocumentLines>ReasonForRejection} ) }"/>
				</t:template>
			</t:Column>
			<t:Column id="DURATION" width="80px" filterProperty="SmartNetDuration">
				<Text text="Duration"/>
				<t:template>
					<Input showValueStateMessage="false"
						value="{path: 'currentSalesDocumentLines>SmartNetDuration', type : 'sap.ui.model.type.String', constraints: {minLength: 0, maxLength: 2} }"
						editable="{= ((''+${currentSalesDocumentLines>MARAMaterialGroup}) === 'ZSN' || (''+${currentSalesDocumentLines>MARAMaterialGroup}) === 'ZSL') &amp;&amp; !${currentSalesDocumentLines>WBSElement} &amp;&amp; !${currentSalesDocumentLines>MarkedAsDeleted} &amp;&amp; ${currentState>/isEditMode} &amp;&amp; (${path:'currentSalesDocumentLines>ItemCategory',formatter:'gdt.salesui.s4.util.Formatter.isEditableOnItemCategory'}) &amp;&amp; (((''+${currentSalesDocumentLines>ItemCategory}).substring(0,1) !== 'Y') || !!${currentSalesDocumentLines>ReasonForRejection} ) }"/>
				</t:template>
			</t:Column>
			<t:Column id="WBSELEMENT" width="140px">
				<Text text="WBS Element"/>
				<t:template>
					<Input valueStateText="WBSElement if specified has a max of 16 chars." showValueStateMessage="false"
						value="{path: 'currentSalesDocumentLines>WBSElement', type : 'sap.ui.model.type.String', constraints: {minLength: 0, maxLength: 16} }"
						editable="false"/>
				</t:template>
			</t:Column>
			<!-- Made changes(contact -> contract ) in the value place holder : by 
				SXVASAMSETTI : 02/12/16 -->
			<t:Column id="CUSTVENDCONTRACT" width="260px">
				<Text text="Cust Vend Contract #"/>
				<t:template>
					<Input value="{currentSalesDocumentLines>CustomerContractWithVendor}"
						tooltip="{path: 'currentSalesDocumentLines>CustomerContractWithVendor'}" placeholder="Customer Contract Vendor Number"
						editable="{= (!${currentSalesDocumentLines>WBSElement} &amp;&amp; !${currentSalesDocumentLines>MarkedAsDeleted} &amp;&amp; ${currentState>/isEditMode} &amp;&amp; (${path:'currentSalesDocumentLines>ItemCategory',formatter:'gdt.salesui.s4.util.Formatter.isEditableOnItemCategory'}) &amp;&amp; (((''+${currentSalesDocumentLines>ItemCategory}).substring(0,1) !== 'Y') || !!${currentSalesDocumentLines>ReasonForRejection}) ) }"/>
				</t:template>
			</t:Column>
			<t:Column id="LEADTIME" width="65px" filterProperty="LeadTime" visible="true">
				<Text text="Lead Time (Days)"/>
				<t:template>
					<Input showValueStateMessage="false"
						value="{path: 'currentSalesDocumentLines>CCWLeadTimeDays', type : 'sap.ui.model.type.String', constraints: {minLength: 0, maxLength: 3} }"
						editable="{= (!${currentSalesDocumentLines>WBSElement} &amp;&amp; !${currentSalesDocumentLines>MarkedAsDeleted} &amp;&amp; ${currentState>/isEditMode} &amp;&amp; (${path:'currentSalesDocumentLines>ItemCategory',formatter:'gdt.salesui.s4.util.Formatter.isEditableOnItemCategory'}) &amp;&amp; (((''+${currentSalesDocumentLines>ItemCategory}).substring(0,1) !== 'Y') || !!${currentSalesDocumentLines>ReasonForRejection}) ) }"/>
				</t:template>
			</t:Column>
			<!-- <t:Column id="TAXAMT" width="90px" visible= "{=!(${currentState>/isEditMode})}"> 
				<Text text="Tax Amount" /> <t:template><Input valueStateText="Tax Amount 
				must be between 0 and 9,999,999,999.99." showValueStateMessage="false" value="{path: 
				'currentSalesDocumentLines>TaxAmount', type : 'sap.ui.model.type.Float', 
				formatOptions: {decimalSeparator:'.', groupingSeparator:',', minIntegerDigits: 
				1, maxIntegerDigits: 10, minFractionDigits: 2, maxFractionDigits: 2}, constraints: 
				{minimum: -9999999999, maximum: 9999999999} }" editable="false" /></t:template> 
				</t:Column> -->
			<t:Column id="CREATEDBY" width="120px">
				<Text text="Created By"/>
				<t:template>
					<Input value="{currentSalesDocumentLines>CreatedBy}" editable="false"/>
				</t:template>
			</t:Column>
			<t:Column id="CREATEDON" width="90px" visible="false">
				<Text text="Created On"/>
				<t:template>
					<DatePicker dateValue="{currentSalesDocumentLines>CreatedOn}" displayFormat="MM/dd/yy" editable="false"/>
				</t:template>
			</t:Column>
			<t:Column id="CREATEDDATETIME" width="150px">
				<Text text="Created Date Time"/>
				<t:template>
					<DatePicker dateValue="{currentSalesDocumentLines>CreatedDateTime}" displayFormat="MM/dd/yyyy HH:mm:ss" editable="false"/>
				</t:template>
			</t:Column>
			<t:Column id="UPDATEDBY" width="120px">
				<Text text="Updated By"/>
				<t:template>
					<Input value="{currentSalesDocumentLines>UpdatedBy}" editable="false"/>
				</t:template>
			</t:Column>
			<t:Column id="UPDATEDON" width="90px">
				<Text text="Updated On"/>
				<t:template>
					<DatePicker dateValue="{currentSalesDocumentLines>LastUpdatedOn}" displayFormat="MM/dd/yy" editable="false"/>
				</t:template>
			</t:Column>
			<t:Column id="CCWMAGICKEY" width="300px">
				<Text text="CCW Magic Key"/>
				<t:template>
					<Input value="{currentSalesDocumentLines>ciscoMagicKey}" editable="false"/>
				</t:template>
			</t:Column>
		</t:columns>
		<t:footer id="totalsFooter" height="32px" margin="0">
			<l:Grid defaultSpan="L4 M4 S4">
				<l:content margin="0">
					<FlexBox direction="Row" justifyContent="Start">
						<Label
							text="Hardware Rev. {path: 'currentTotals>/HWRevenue', formatter: 'gdt.salesui.s4.util.Formatter.money'} Cost {path: 'currentTotals>/HWCost', formatter: 'gdt.salesui.s4.util.Formatter.money'} GP {path: 'currentTotals>/HWGP', formatter: 'gdt.salesui.s4.util.Formatter.money'} ({path: 'currentTotals>/HWGPP', formatter: 'gdt.salesui.s4.util.Formatter.percent'})"/>
					</FlexBox>
					<FlexBox direction="Row" justifyContent="Center">
						<Label
							text="Services Rev. {path: 'currentTotals>/ServicesRevenue', formatter: 'gdt.salesui.s4.util.Formatter.money'} Cost {path: 'currentTotals>/ServicesCost', formatter: 'gdt.salesui.s4.util.Formatter.money'} GP {path: 'currentTotals>/ServicesGP', formatter: 'gdt.salesui.s4.util.Formatter.money'} ({path: 'currentTotals>/ServicesGPP', formatter: 'gdt.salesui.s4.util.Formatter.percent'})"/>
					</FlexBox>
					<FlexBox direction="Row" justifyContent="End">
						<Label
							text="Total Rev. {path: 'currentTotals>/TotalRevenue', formatter: 'gdt.salesui.s4.util.Formatter.money'} Cost {path: 'currentTotals>/TotalCost', formatter: 'gdt.salesui.s4.util.Formatter.money'} GP {path: 'currentTotals>/TotalGP', formatter: 'gdt.salesui.s4.util.Formatter.money'} ({path: 'currentTotals>/TotalGPP', formatter: 'gdt.salesui.s4.util.Formatter.percent'})"/>
					</FlexBox>
				</l:content>
			</l:Grid>
		</t:footer>
	</t:Table>
	<Panel class="sapUiSizeCompact" visible="false">
		<core:Fragment fragmentName="gdt.salesui.s4.fragment.DetailLineItemsImportErrorsDialog" type="XML"/>
		<core:Fragment fragmentName="gdt.salesui.s4.fragment.DetailLineItemsAddressErrorsDialog" type="XML"/>
		<core:Fragment fragmentName="gdt.salesui.s4.fragment.DetailLineImportConfirmDialog" type="XML"/>
		<core:Fragment fragmentName="gdt.salesui.s4.fragment.DetailLineNotesDialog" type="XML"/>
		<core:Fragment fragmentName="gdt.salesui.s4.fragment.DetailLinePartSearchDialog" type="XML"/>
		<!-- <core:Fragment fragmentName="gdt.salesui.s4.fragment.DetailLineVariantManagement" 
			type="XML" /> <core:Fragment fragmentName="gdt.salesui.s4.fragment.DetailLineItemsCreateVariantDialog" 
			type="XML" /> -->
	</Panel>
</core:FragmentDefinition>