<core:FragmentDefinition xmlns="sap.m" xmlns:core="sap.ui.core">
	<Dialog id='customerShipToSearchdDialog' title="ShipTo Search" class="sapUiPopupWithPadding">
		<content>
			<NavContainer id="navCon">
				<Page id="master" title="Routing Option">
					<List id="list" items="{routeOptions>/}">
						<StandardListItem title="{routeOptions>RouteOptionID} - {routeOptions>RouteOptionText}" type="Active" press="handleOnNavToShippingRoute"/>
					</List>
				</Page>
				<Page id="detail" showNavButton="true" navButtonPress="handleOnNavBacktoRoutionOptions">
					<Table items="{shippingRoute>/}" id="ShippingRoutes" fixedLayout="false">
						<columns>
							<Column>
								<Text text="Ship.Cond." wrapping="false"/>
							</Column>
							<Column>
								<Text text="SCAC code" wrapping="false"/>
							</Column>
							<Column>
								<Text text="SCAC desc" wrapping="false"/>
							</Column>
							<Column id="Account">
								<Text text="Account" wrapping="false"/>
							</Column>
						</columns>
						<items>
							<ColumnListItem vAlign="Middle" class="oddLine">
								<cells>
									<ObjectIdentifier title="{shippingRoute>Vsbed}" titleActive="true" titlePress="handleSelectShippingPoint"/>
									<ObjectIdentifier title="{shippingRoute>Scaccode}" titleActive="true" titlePress="handleSelectShippingPoint"/>
									<ObjectIdentifier title="{shippingRoute>Scacdesc}" titleActive="true" titlePress="handleSelectShippingPoint"/>
									<ObjectIdentifier title="{shippingRoute>Account}" titleActive="true" titlePress="handleSelectShippingPoint"/>
								</cells>
							</ColumnListItem>
						</items>
					</Table>
				</Page>
			</NavContainer>
		</content>
	</Dialog>
</core:FragmentDefinition>