<core:FragmentDefinition xmlns:l="sap.ui.layout" xmlns:f="sap.ui.layout.form" xmlns:core="sap.ui.core" xmlns="sap.m"
	xmlns:suite="sap.suite.ui.commons" xmlns:m="sap.m" xmlns:fb="sap.ui.comp.filterbar">
	<Panel id='detailQuotePageHeader' class="sapUiSizeCompact" expandable="false" expanded="true" visible="{currentState>/isQuote}">
		<Toolbar>
			<ToolbarSpacer/>
		</Toolbar>
		<content>
			<l:Grid class="gridMarginTop" vSpacing="1rem" hSpacing="0rem" defaultSpan="L6 M6 S12">
				<l:content>
					<Input editable="false" value="Created By">
						<layoutData>
							<l:GridData span="L2 M2 S2"/>
						</layoutData>
					</Input>
					<Input value="{currentSalesDocument>/CreatedBy}" editable="false">
						<layoutData>
							<l:GridData span="L3 M3 S3"/>
						</layoutData>
					</Input>
					<ToolbarSpacer>
						<layoutData>
							<l:GridData span="L1 M1 S1"/>
						</layoutData>
					</ToolbarSpacer>
					<Input editable="false" value="Created On">
						<layoutData>
							<l:GridData span="L2 M2 S2"/>
						</layoutData>
					</Input>
					<DateTimeInput type="Date" dateValue="{path:'currentSalesDocument>/CreatedOn'}" displayFormat="MM/dd/yy" editable="false">
						<layoutData>
							<l:GridData span="L3 M3 S3"/>
						</layoutData>
					</DateTimeInput>
					<ToolbarSpacer>
						<layoutData>
							<l:GridData span="L1 M1 S1"/>
						</layoutData>
					</ToolbarSpacer>
					<Input editable="false" value="Valid From">
						<layoutData>
							<l:GridData span="L2 M2 S2"/>
						</layoutData>
					</Input>
					<DatePicker id='fromDate' width="100px" dateValue="{path:'currentSalesDocument>/ValidFrom'}" displayFormat="MM/dd/yy"
						editable="{currentState>/isEditMode}">
						<layoutData>
							<l:GridData span="L3 M3 S3"/>
						</layoutData>
					</DatePicker>
					<ToolbarSpacer>
						<layoutData>
							<l:GridData span="L1 M1 S1"/>
						</layoutData>
					</ToolbarSpacer>
					<Input editable="false" value="To">
						<layoutData>
							<l:GridData span="L2 M2 S2"/>
						</layoutData>
					</Input>
					<DatePicker width="100px" dateValue="{path:'currentSalesDocument>/ValidTo'}" displayFormat="MM/dd/yy" editable="{currentState>/isEditMode}">
						<layoutData>
							<l:GridData span="L3 M3 S3"/>
						</layoutData>
					</DatePicker>
					<ToolbarSpacer>
						<layoutData>
							<l:GridData span="L1 M1 S1"/>
						</layoutData>
					</ToolbarSpacer>
					<Input editable="false" value="Description:">
						<layoutData>
							<l:GridData span="L2 M2 S2"/>
						</layoutData>
					</Input>
					<Input placeholder="Enter short description here..." maxLength='40' width='365px' value="{currentSalesDocument>/HeaderText}"
						editable="{currentState>/isEditMode}">
						<layoutData>
							<l:GridData span="L10 M10 S10"/>
						</layoutData>
					</Input>
					<!-- 
					<Input editable="false" value="Description:">
						<layoutData>
							<l:GridData span="L2 M2 S2" />
						</layoutData>
					</Input>
					<Input placeholder="Enter short description here..."
						maxLength='40' width='365px' value="{currentSalesDocument>/HeaderText}"
						editable="{currentState>/isEditMode}">
						<layoutData>
							<l:GridData span="L3 M3 S3" />
						</layoutData>
					</Input>
					<ToolbarSpacer>
						<layoutData>
							<l:GridData span="L1 M1 S1" />
						</layoutData>
					</ToolbarSpacer>
					
					<Input editable="false" visible="false" value="Doc.Curr / Exchg.Rate / Price Date">
						<layoutData>
							<l:GridData span="L2 M2 S2" />
						</layoutData>
					</Input>
					<Input placeholder="Enter currency."
						maxLength="50" width="115px" value="{currentSalesDocument>/Currency}"
						type="Text" showSuggestion="true" filterSuggests="false"
						startSuggestion="0" suggest="handleSuggestCurrency"
						maxSuggestionWidth="400px" enabled="true" visible="false"
						editable="{currentState>/isEditMode}" change="handleChangeCurrency">
						<layoutData>
							<l:GridData span="L1 M1 S1" />
						</layoutData>
					</Input>
					<Input placeholder="Enter Exchange Rate" visible="false"
						maxLength="40" width="120px" value="{currentSalesDocument>/ExchangeRate}"
						editable="{= ((${currentSalesDocument>/ExchangeRate}) !== '1.00000') &amp;&amp; ${currentState>/isEditMode}  }">
						<layoutData>
							<l:GridData span="L1 M1 S1" />
						</layoutData>
					</Input>
					<DatePicker  width="100px" visible="false"
						dateValue="{path:'currentSalesDocument>/PriceDate'}" displayFormat="MM/dd/yy"
						change="handlePriceDateChange"
						editable="{currentState>/isEditMode}">
						<layoutData>
							<l:GridData span="L1 M1 S1" />
						</layoutData>
					</DatePicker>
					<ToolbarSpacer>
						<layoutData>
							<l:GridData span="L1 M1 S1" />
						</layoutData>
					</ToolbarSpacer> -->
					<Input editable="false" value="Requested By">
						<layoutData>
							<l:GridData span="L2 M2 S2"/>
						</layoutData>
					</Input>
					<Input placeholder="Enter contact that requested quote..." maxLength='30' width='365px' value="{path:'currentSalesDocument>/RequestedBy'}"
						editable="{currentState>/isEditMode}">
						<layoutData>
							<l:GridData span="L10 M10 S10"/>
						</layoutData>
					</Input>
					<Input editable="false" value="Ship To">
						<layoutData>
							<l:GridData span="L2 M2 S2"/>
						</layoutData>
					</Input>
					<Input tooltip="SAP ShipTo ID: {path: 'currentSalesDocument>/ShipToID'}" width="550px"
						value="{path: 'currentSalesDocument>/ShipToID', formatter: 'gdt.salesui.s4.util.Formatter.shipTo'}" type="Text" showSuggestion="true"
						filterSuggests="false" startSuggestion="0" suggest="handleSuggestPartner" maxSuggestionWidth="400px" placeholder="Enter Ship To..."
						enabled="true" editable="{currentState>/isEditMode}" change="handleChangeHeaderShipTo">
						<layoutData>
							<l:GridData span="L10 M10 S10"/>
						</layoutData>
					</Input>
					<Input editable="false" value="End Customer" visible="{currentState>/hasEndCustomers}">
						<layoutData>
							<l:GridData span="L2 M2 S2"/>
						</layoutData>
					</Input>
					<Input tooltip="SAP End Customer ID: {path: 'currentSalesDocument>/EndCustomerID'}"
						value="{path: 'currentSalesDocument>/EndCustomerID', formatter: 'gdt.salesui.s4.util.Formatter.endCustomer'}" type="Text"
						showSuggestion="true" filterSuggests="false" startSuggestion="0" suggest="handleSuggestPartner" maxSuggestionWidth="400px"
						placeholder="Enter End Customer..." enabled="true" editable="{currentState>/isEditMode}" change="handleChangeHeaderEndCustomer"
						visible="{currentState>/hasEndCustomers}">
						<layoutData>
							<l:GridData span="L10 M10 S10"/>
						</layoutData>
					</Input>
					<Input editable="false" value="Dir Contract">
						<layoutData>
							<l:GridData span="L2 M2 S2"/>
						</layoutData>
					</Input>
					<ComboBox id="dirComboBox1" items="{ path: 'dirOutputValues>/', templateShareable:true }" selectedKey="{currentSalesDocument>/DirContract}"
						editable="{currentState>/isEditMode}">
						<layoutData>
							<l:GridData span="L10 M10 S10"/>
						</layoutData>
						<core:Item key="{dirOutputValues>Value}" text="{dirOutputValues>Value} - {dirOutputValues>Text}"/>
					</ComboBox>
					<Input editable="false" value="Shipping Charges ( USD )">
						<layoutData>
							<l:GridData span="L2 M2 S2"/>
						</layoutData>
					</Input>
					<Input value="{currentSalesDocument>/DeliveryAmt}" width="80px" editable="{currentState>/isEditMode}">
						<layoutData>
							<l:GridData span="L10 M10 S10"/>
						</layoutData>
					</Input>
					<!-- <Input editable="false" value="Cash Discount ( USD )"> <layoutData> 
						<l:GridData span="L2 M2 S2" /> </layoutData> </Input> <Input value="{currentSalesDocument>/CashDiscount}" 
						width="80px" editable="{currentState>/isEditMode}"> <layoutData> <l:GridData 
						span="L10 M10 S10" /> </layoutData> </Input> <Input editable="false" value="Trade-In 
						Discount ( USD )"> <layoutData> <l:GridData span="L2 M2 S2" /> </layoutData> 
						</Input> <Input value="{currentSalesDocument>/TradeInDiscount}" width="80px" 
						editable="{currentState>/isEditMode}"> <layoutData> <l:GridData span="L10 
						M10 S10" /> </layoutData> </Input> -->
					<Input editable="false" value="Central Office Equipment">
						<layoutData>
							<l:GridData span="L2 M2 S2"/>
						</layoutData>
					</Input>
					<CheckBox selected="{path:'currentSalesDocument>/PoSupplement',formatter:'gdt.salesui.s4.util.Formatter.PoSupplement'}" width="80px"
						editable="{currentState>/isEditMode}" select="handleSelectCOE">
						<layoutData>
							<l:GridData span="L10 M10 S10"/>
						</layoutData>
					</CheckBox>
					<Input editable="false" value="Invoice O/p type">
						<layoutData>
							<l:GridData span="L2 M2 S2"/>
						</layoutData>
					</Input>
					<ComboBox items="{ path: 'invoiceOutputValues>/', templateShareable:true, sorter: { path: 'Name' } }"
						selectedKey="{currentSalesDocument>/CustGrp2}" editable="{currentState>/isEditMode}">
						<layoutData>
							<l:GridData span="L10 M10 S10"/>
						</layoutData>
						<core:Item key="{invoiceOutputValues>Value}" text="{invoiceOutputValues>Text}"/>
					</ComboBox>
				</l:content>
			</l:Grid>
		</content>
	</Panel>
	<Panel id='detailSalesOrderPageHeader' class="sapUiSizeCompact" expandable="false" expanded="true" visible="{currentState>/isSalesOrder}">
		<Toolbar>
			<ToolbarSpacer/>
		</Toolbar>
		<content>
			<l:Grid class="gridMarginTop" vSpacing="1rem" hSpacing="0rem" defaultSpan="L12 M12 S12">
				<l:content>
					<Input editable="false" value="Quote ID:">
						<layoutData>
							<l:GridData span="L2 M2 S2"/>
						</layoutData>
					</Input>
					<Input value="{currentSalesDocument>/ReferencedBy}" editable="false">
						<layoutData>
							<l:GridData span="L3 M3 S3"/>
						</layoutData>
					</Input>
					<ToolbarSpacer>
						<layoutData>
							<l:GridData span="L1 M1 S1"/>
						</layoutData>
					</ToolbarSpacer>
					<Input editable="false" value="Customer PO:">
						<layoutData>
							<l:GridData span="L2 M2 S2"/>
						</layoutData>
					</Input>
					<Input value="{currentSalesDocument>/CustomerPOID}" maxLength='35' editable="{currentState>/isEditMode}"
						change='handleChangeHeaderCustomerPOID'>
						<layoutData>
							<l:GridData span="L3 M3 S3"/>
						</layoutData>
					</Input>
					<!-- <ToolbarSpacer> <layoutData> <l:GridData span="L1 M1 S1" /> </layoutData> 
						</ToolbarSpacer> -->
					<Button text="Billing {path: 'currentSalesDocument>/BillingBlock', formatter: 'gdt.salesui.s4.util.Formatter.blockText'}"
						enabled="{currentState>/isSubmittedSalesOrder}" visible="{currentState>/isSubmittedSalesOrder}" press="handlePressBillingBlock"
						type="{path: 'currentSalesDocument>/BillingBlock', formatter: 'gdt.salesui.s4.util.Formatter.blockButtonType'}">
						<layoutData>
							<l:GridData span="L1 M1 S1"/>
						</layoutData>
					</Button>
					<Input editable="false" value="Description:">
						<layoutData>
							<l:GridData span="L2 M2 S2"/>
						</layoutData>
					</Input>
					<Input placeholder="Enter short description here..." maxLength='40' width='345px' value="{currentSalesDocument>/HeaderText}"
						editable="{currentState>/isEditMode}">
						<layoutData>
							<l:GridData span="L10 M10 S10"/>
						</layoutData>
					</Input>
					<!--
	               <Input editable="false" value="Description:">
						<layoutData>
							<l:GridData span="L2 M2 S2" />
						</layoutData>
					</Input>
					<Input placeholder="Enter short description here..."
						maxLength='40' width='365px' value="{currentSalesDocument>/HeaderText}"
						editable="{currentState>/isEditMode}">
						<layoutData>
							<l:GridData span="L3 M3 S3" />
						</layoutData>
					</Input>
					<ToolbarSpacer>
						<layoutData>
							<l:GridData span="L1 M1 S1" />
						</layoutData>
					</ToolbarSpacer>
				
				 <Input editable="false" visible="false" value="Doc.Curr / Exchg.Rate / Price Date">
						<layoutData>
							<l:GridData span="L2 M2 S2" />
						</layoutData>
					</Input>
					<Input placeholder="Enter currency." visible="false"
						maxLength="50" width="115px" value="{currentSalesDocument>/Currency}"
						type="Text" showSuggestion="true" filterSuggests="false"
						startSuggestion="0" suggest="handleSuggestCurrency"
						maxSuggestionWidth="400px" enabled="true"
						editable="{currentState>/isEditMode}" change="handleChangeCurrency">
						<layoutData>
							<l:GridData span="L1 M1 S1" />
						</layoutData>
					</Input>
					<Input placeholder="Enter Exchange Rate" visible="false"
						maxLength="40" width="120px" value="{currentSalesDocument>/ExchangeRate}"
						editable="{= ((${currentSalesDocument>/ExchangeRate}) !== '1.00000') &amp;&amp; ${currentState>/isEditMode}  }">
						<layoutData>
							<l:GridData span="L1 M1 S1" />
						</layoutData>
					</Input>
					<DatePicker width="100px" visible="false"
						dateValue="{path:'currentSalesDocument>/PriceDate'}" displayFormat="MM/dd/yy"
						change="handlePriceDateChange"
						editable="{currentState>/isEditMode}">
						<layoutData>
							<l:GridData span="L1 M1 S1" />
						</layoutData>
					</DatePicker>
					<ToolbarSpacer>
						<layoutData>
							<l:GridData span="L1 M1 S1" />
						</layoutData>
					</ToolbarSpacer>
 -->
					<Input editable="false" value="Created By">
						<layoutData>
							<l:GridData span="L2 M2 S2"/>
						</layoutData>
					</Input>
					<Input value="{currentSalesDocument>/CreatedBy}" editable="false">
						<layoutData>
							<l:GridData span="L3 M3 S3"/>
						</layoutData>
					</Input>
					<ToolbarSpacer>
						<layoutData>
							<l:GridData span="L1 M1 S1"/>
						</layoutData>
					</ToolbarSpacer>
					<Input editable="false" value="Created On">
						<layoutData>
							<l:GridData span="L2 M2 S2"/>
						</layoutData>
					</Input>
					<DateTimeInput type="Date" dateValue="{path:'currentSalesDocument>/CreatedOn'}" displayFormat="MM/dd/yy" editable="false">
						<layoutData>
							<l:GridData span="L3 M3 S3"/>
						</layoutData>
					</DateTimeInput>
					<ToolbarSpacer>
						<layoutData>
							<l:GridData span="L1 M1 S1"/>
						</layoutData>
					</ToolbarSpacer>
					<Input editable="false" value="Requested By">
						<layoutData>
							<l:GridData span="L2 M2 S2"/>
						</layoutData>
					</Input>
					<Input placeholder="Enter contact that issued the PO..." maxLength='30' value="{path:'currentSalesDocument>/RequestedBy'}"
						editable="{currentState>/isEditMode}">
						<layoutData>
							<l:GridData span="L3 M3 S3"/>
						</layoutData>
					</Input>
					<ToolbarSpacer>
						<layoutData>
							<l:GridData span="L1 M1 S1"/>
						</layoutData>
					</ToolbarSpacer>
					<Input editable="false" value="Attn.">
						<layoutData>
							<l:GridData span="L2 M2 S2"/>
						</layoutData>
					</Input>
					<Input placeholder="Enter to attention of..." maxLength='30' value="{currentSalesDocument>/Attention}" editable="{currentState>/isEditMode}">
						<layoutData>
							<l:GridData span="L3 M3 S3"/>
						</layoutData>
					</Input>
					<ToolbarSpacer>
						<layoutData>
							<l:GridData span="L1 M1 S1"/>
						</layoutData>
					</ToolbarSpacer>
					<!-- Next Row -->
					<Input editable="false" value="Req. Del. Date">
						<layoutData>
							<l:GridData span="L2 M2 S2"/>
						</layoutData>
					</Input>
					<!-- <DateTimeInput type="Date" width="80px" dateValue="{path:'currentSalesDocument>/RequestedDeliveryDate'}" 
						displayFormat="MM/dd/yy" editable="{currentState>/isEditMode}" change='handleChangeHeaderReqDate'> 
						<layoutData> <l:GridData span="L10 M10 S10" /> </layoutData> </DateTimeInput> -->
					<DatePicker width="100px" change='handleChangeHeaderReqDate' dateValue="{path:'currentSalesDocument>/RequestedDeliveryDate'}"
						displayFormat="MM/dd/yy" editable="{currentState>/isEditMode}">
						<layoutData>
							<l:GridData span="L10 M10 S10"/>
						</layoutData>
					</DatePicker>
					<Input editable="false" value="Shipping Charges ( USD )">
						<layoutData>
							<l:GridData span="L2 M2 S2"/>
						</layoutData>
					</Input>
					<Input value="{currentSalesDocument>/DeliveryAmt}" width="80px" editable="{currentState>/isEditMode}">
						<layoutData>
							<l:GridData span="L10 M10 S10"/>
						</layoutData>
					</Input>
					<!--        N e x t   R o w        -->
					<!-- <Input editable="false" value="Cash Discount ( USD )"> <layoutData> 
						<l:GridData span="L2 M2 S2" /> </layoutData> </Input> <Input value="{currentSalesDocument>/CashDiscount}" 
						width="80px" editable="{currentState>/isEditMode}"> <layoutData> <l:GridData 
						span="L10 M10 S10" /> </layoutData> </Input> <Input editable="false" value="Trade-In 
						Discount ( USD )"> <layoutData> <l:GridData span="L2 M2 S2" /> </layoutData> 
						</Input> <Input value="{currentSalesDocument>/TradeInDiscount}" width="80px" 
						editable="{currentState>/isEditMode}"> <layoutData> <l:GridData span="L10 
						M10 S10" /> </layoutData> </Input> -->
					<Input editable="false" value="Central Office Equipment">
						<layoutData>
							<l:GridData span="L2 M2 S2"/>
						</layoutData>
					</Input>
					<CheckBox selected="{path:'currentSalesDocument>/PoSupplement',formatter:'gdt.salesui.s4.util.Formatter.PoSupplement'}" width="80px"
						editable="{currentState>/isEditMode}" select="handleSelectCOE">
						<layoutData>
							<l:GridData span="L10 M10 S10"/>
						</layoutData>
					</CheckBox>
					<!--        N E X T   R O W       -->
					<Input editable="false" value="End Customer" visible="{currentState>/hasEndCustomers}">
						<layoutData>
							<l:GridData span="L2 M2 S2"/>
						</layoutData>
					</Input>
					<Input tooltip="SAP End Customer ID: {path: 'currentSalesDocument>/EndCustomerID'}"
						value="{path: 'currentSalesDocument>/EndCustomerID', formatter: 'gdt.salesui.s4.util.Formatter.endCustomer'}" type="Text"
						showSuggestion="true" filterSuggests="false" startSuggestion="0" suggest="handleSuggestPartner" maxSuggestionWidth="400px"
						placeholder="Enter End Customer..." enabled="true" editable="{currentState>/isEditMode}" change="handleChangeHeaderEndCustomer"
						visible="{currentState>/hasEndCustomers}">
						<layoutData>
							<l:GridData span="L10 M10 S10"/>
						</layoutData>
					</Input>
					<!--        N E X T   R O W       -->
					<Input editable="false" value="Payer">
						<layoutData>
							<l:GridData span="L2 M2 S2"/>
						</layoutData>
					</Input>
					<Input tooltip="SAP Payer ID: {path: 'currentSalesDocument>/PayerID'}" width='550px'
						value="{path: 'currentSalesDocument>/PayerID', formatter: 'gdt.salesui.s4.util.Formatter.payer'}" type="Text" showSuggestion="true"
						filterSuggests="false" startSuggestion="0" suggest="handleSuggestPartner" maxSuggestionWidth="400px" placeholder="Enter Payer..."
						enabled="true" editable="{currentState>/isEditMode}" change="handleChangeHeaderPayer">
						<layoutData>
							<l:GridData span="L10 M10 S10"/>
						</layoutData>
					</Input>
					<!--        N E X T   R O W       -->
					<Input editable="false" value="Bill To">
						<layoutData>
							<l:GridData span="L2 M2 S2"/>
						</layoutData>
					</Input>
					<Input tooltip="SAP Bill To ID: {path: 'currentSalesDocument>/BillToID'}" width='550px'
						value="{path: 'currentSalesDocument>/BillToID', formatter: 'gdt.salesui.s4.util.Formatter.billTo'}" type="Text" showSuggestion="true"
						filterSuggests="false" startSuggestion="0" suggest="handleSuggestPartner" maxSuggestionWidth="400px" placeholder="Enter Bill To..."
						enabled="true" editable="{currentState>/isEditMode}" change="handleChangeHeaderBillTo">
						<layoutData>
							<l:GridData span="L10 M10 S10"/>
						</layoutData>
					</Input>
					<!--        N E X T   R O W       -->
					<Input editable="false" value="Ship To">
						<layoutData>
							<l:GridData span="L2 M2 S2"/>
						</layoutData>
					</Input>
					<!-- 	 visible="{= (((${currentSalesDocument>/DocumentType}) !== 'ZOR2')) }" -->
					<!--                     <Input tooltip="SAP ShipTo ID: {path: 'currentSalesDocument>/ShipToID'}"				   
						width="550px"
						value="{path: 'currentSalesDocument>/ShipToID', formatter: 'gdt.salesui.s4.util.Formatter.shipTo'}"
						type="Text" showSuggestion="true" filterSuggests="false"
						startSuggestion="0" suggest="handleSuggestPartner"
						maxSuggestionWidth="400px" placeholder="Enter Ship To..." enabled="true"
						editable="{currentState>/isEditMode}" change="handleChangeHeaderShipTo">
						<layoutData>
							<l:GridData span="L10 M10 S10" />
						</layoutData>
					</Input> -->
					<!-- 		     visible="{= (!${currentState>/isQuote} &amp;&amp; ((${currentSalesDocument>/DocumentType}) === 'ZOR2')) }" -->
					<Input tooltip="SAP ShipTo ID: {path: 'currentSalesDocument>/ShipToID'}" width="550px"
						value="{ path:'currentSalesDocument>/ShipToID', formatter: 'gdt.salesui.s4.util.Formatter.ediOrderHeaderShipTo'}" type="Text"
						showSuggestion="true" filterSuggests="false" startSuggestion="0" suggest="handleSuggestPartner" maxSuggestionWidth="400px"
						placeholder="Enter Ship To..." enabled="true" editable="{currentState>/isEditMode}" change="handleChangeHeaderShipTo">
						<layoutData>
							<l:GridData span="L10 M10 S10"/>
						</layoutData>
					</Input>
					<!--        N E X T   R O W       -->
					<Input editable="false" value="Via">
						<layoutData>
							<l:GridData span="L12 M12 S12"/>
						</layoutData>
					</Input>
					<Button text="{path: 'currentSalesDocument>/', formatter: 'gdt.salesui.s4.util.Formatter.via'}" width='400px' press="handleViaHeaderPress"
						enabled="{currentState>/isEditMode}">
						<layoutData>
							<l:GridData span="L12 M12 S12"/>
						</layoutData>
					</Button>
					<!-- <Input editable="false" value="Shipping Method"> <layoutData> <l:GridData 
						span="L2 M2 S2" /> </layoutData> </Input> <Select items="{globalSelectItems>/ShippingConditions}" 
						width='200px' selectedKey="{currentSalesDocument>/ShippingConditionID}" enabled="{currentState>/isEditMode}"> 
						<layoutData> <l:GridData span="L10 M10 S10" /> </layoutData> <core:Item text="{globalSelectItems>Text}" 
						key="{globalSelectItems>ShippingConditionID}" /> </Select> -->
					<!-- value="{path: 'lineItems>Procind', type : 'sap.ui.model.type.String',constraints: 
						{minimum: 1, maximum: 3} }" -->
				</l:content>
			</l:Grid>
			<l:Grid class="gridMarginTop" vSpacing="1rem" hSpacing="0rem" defaultSpan="L6 M6 S12">
				<l:content>
					<Input editable="false" value="Shipping Method">
						<layoutData>
							<l:GridData span="L2 M2 S2"/>
						</layoutData>
					</Input>
					<Button text="Search" press="handleShippingRoutes" enabled="{currentState>/isEditMode}" visible="{currentState>/isEditMode}">
						<layoutData>
							<l:GridData span="L1 M1 S1"/>
						</layoutData>
					</Button>
					<ComboBox width='300px'
						items="{ path: 'globalSelectItems>/ShippingConditions', templateShareable:true, sorter: { path: 'ShippingConditionID' } }"
						selectedKey="{currentSalesDocument>/ShippingConditionID}" editable="false">
						<layoutData>
							<l:GridData span="L2 M2 S2"/>
						</layoutData>
						<core:Item key="{globalSelectItems>ShippingConditionID}" text="{globalSelectItems>ShippingConditionID}-{globalSelectItems>Text}"/>
					</ComboBox>
					<!-- <Text text="{currentSalesDocument>/RouteOptionID}"> <layoutData> 
						<l:GridData span="L1 M1 S1" /> </layoutData> </Text> -->
					<Input editable="{= (${currentState>/isEditMode} &amp;&amp; (${currentSalesDocument>/RouteOptionID} === 'S') ) }"
						value="{currentSalesDocument>/Account}" showValueHelp="true" width="150px" valueHelpRequest="accounthandleValueHelp" valueHelpOnly="true">
						<layoutData>
							<l:GridData span="L7 M7 S7"/>
						</layoutData>
					</Input>
				</l:content>
			</l:Grid>
			<l:Grid class="gridMarginTop" vSpacing="1rem" hSpacing="0rem" defaultSpan="L6 M6 S12">
				<l:content>
					<Input editable="false" value="Invoice O/p Type">
						<layoutData>
							<l:GridData span="L2 M2 S2"/>
						</layoutData>
					</Input>
					<ComboBox items="{ path: 'invoiceOutputValues>/', templateShareable:true, sorter: { path: 'Name' } }"
						selectedKey="{currentSalesDocument>/CustGrp2}" editable="{currentState>/isEditMode}">
						<layoutData>
							<l:GridData span="L10 M10 S10"/>
						</layoutData>
						<core:Item key="{invoiceOutputValues>Value}" text="{invoiceOutputValues>Text}"/>
					</ComboBox>
				</l:content>
			</l:Grid>
			<l:Grid class="gridMarginTop" vSpacing="1rem" hSpacing="0rem" defaultSpan="L6 M6 S12">
				<l:content>
					<!--Start of insert by ANIL PALADUGU ID: AXPALADUGU -->
					<Input editable="false" value="Dir Contract">
						<layoutData>
							<l:GridData span="L2 M2 S2"/>
						</layoutData>
					</Input>
					<ComboBox id="dirComboBox" items="{ path: 'dirOutputValues>/', templateShareable:true }" selectedKey="{currentSalesDocument>/DirContract}"
						editable="{currentState>/isEditMode}">
						<layoutData>
							<l:GridData span="L10 M10 S10"/>
						</layoutData>
						<core:Item key="{dirOutputValues>Value}" text="{dirOutputValues>Value} - {dirOutputValues>Text}"/>
					</ComboBox>
					<!--End of insert by ANIL PALADUGU ID: AXPALADUGU -->
				</l:content>
			</l:Grid>
		</content>
	</Panel>
</core:FragmentDefinition>