<core:FragmentDefinition xmlns:l="sap.ui.layout"
	xmlns:cl="sap.ui.commons.layout" xmlns:c="sap.ui.commons" xmlns:t="sap.ui.table"
	xmlns:f="sap.ui.layout.form" xmlns="sap.m" xmlns:core="sap.ui.core">
	<Dialog id='createSalesOrderDialog' title="Customize your layout"
	    draggable="true"
	    icon="sap-icon://wrench"
	    contentHeight="900px"
		contentWidth="800px" class="sapUiSizeCompact">
		<content>
			<l:HorizontalLayout class="sapUiSmallMargin">
				<Panel width="280px"  class="sapUiResponsiveMargin">
					<headerToolbar>
						<Toolbar height="3rem">
							<Title text="List of UI fields" />
						</Toolbar>
					</headerToolbar>
					<Table id="idLayoutFieldsTable" inset="false" width="200px"
						items="{
			                    path: 'layoutFields>/', 
			                    sorter: { path:'order' }
		                       }">
						<columns>
							<Column width="30px">
								<Text text="Fields" wrapping="false" tooltip="Field Names" />
							</Column>
							<Column width="10px">
								<Text text="Add" tooltip="Add field to Layout" />
							</Column>
						</columns>
						<items>
							<ColumnListItem>
								<cells>
									<Text
										text="{path: 'layoutFields>fieldText', type : 'sap.ui.model.type.String' }"
										 />
									<Button icon="sap-icon://add" press="handleAddFieldtoVariant" />
								</cells>
							</ColumnListItem>
						</items>
					</Table>
				</Panel>
				<Panel width="auto"  class="sapUiResponsiveMargin">
					<headerToolbar>
						<Toolbar height="3rem">
							<Title text="List of selected fields" />
						</Toolbar>
					</headerToolbar>
					<Table id="idLayoutSelectedFieldsTable" inset="false" width="300px"
						items="{
			                   path: 'variantFields>/', 
			                   sorter: {path: 'updown'}
		                       }">
						<columns>
							<Column width="10px">
								<Text text="Remove" tooltip="Remove Field from the list" />
							</Column>
							<Column width="30px">
								<Text text="Fields" wrapping="false" tooltip="Field Names" />
							</Column>
							<Column width="10px">
								<Text text="Up" tooltip="Move field Up" />
							</Column>
							<Column width="10px">
								<Text text="down" tooltip="Move field Down" />
							</Column>
						</columns>
						<items>
							<ColumnListItem>
								<cells>
									<Button icon="sap-icon://less" press="handleRemoveFieldFromVariant" />
									<Text
										text="{path: 'variantFields>fieldText', type : 'sap.ui.model.type.String' }"
										 />
									<Button icon="sap-icon://collapse-group" press="handleMoveUpFieldInVariant" />
									<Button icon="sap-icon://expand-group" press="handleMoveDownFieldInVariant" />
								</cells>
							</ColumnListItem>
						</items>
					</Table>
				</Panel>
			</l:HorizontalLayout>
		</content> 
		<beginButton>
			<Button text="Save as Variant" icon="sap-icon://add-equipment"
				press="handleConfirmCreateVariant" />
		</beginButton>
		<endButton>
			<Button text="Cancel" icon="sap-icon://cancel-maintenance" press="handleCancelVariant" />
		</endButton>
	</Dialog>
</core:FragmentDefinition>	



		    			