<core:FragmentDefinition xmlns="sap.m"
	xmlns:core="sap.ui.core">
	<Popover showHeader ="true"  title = "Please Select Order Type" contentWidth = "200px" contentHeight = "210px"
	    afterClose = "handleSalesOrderTypesClosed"
		placement = "Top">
		<NavContainer id ="navCon">
			<!-- <Page id="master"> -->
				<List id = "list" items = "{orderTypes>/}">
					<StandardListItem
						title = "{orderTypes>Value2} -  {orderTypes>Value3} "				
						type = "Active"
						 press = "handleSalesOrderTypeSelect" />
				</List>
		<!-- 	</Page>	 -->		
		</NavContainer>
	</Popover>
</core:FragmentDefinition>