<core:FragmentDefinition xmlns:l="sap.ui.layout" xmlns:cl="sap.ui.commons.layout" xmlns:c="sap.ui.commons" xmlns:t="sap.ui.table"
	xmlns:tt="sap.ui.table.TreeTable" xmlns:f="sap.ui.layout.form" xmlns:core="sap.ui.core" xmlns="sap.m" xmlns:cc="gdt.salesui.s4.control"
	xmlns:app="http://schemas.sap.com/sapui5/extension/sap.ui.core.CustomData/1">
	<Panel>
		<headerToolbar>
			<Toolbar height="2rem"/>
		</headerToolbar>
		<t:TreeTable class="sapUiSizeCompact" id='docflowTreeTable' width="auto" visibleRowCount='10' showColumnVisibilityMenu='true'
			selectionMode='None'>
			<t:Column id="document" width="700px">
				<Text text="{i18n>DF_DOCUMENT}" wrapping="false"/>
				<t:template>
					<cc:TextButton text="{Description} - {Docnum}" vendorName="{Vendor} - {VendorName}"
						visible="{path:'Doctype',formatter:'gdt.salesui.s4.util.Formatter.pdfButtonVisibility'}"/></t:template>
				<!--   <t:template> <Text text=" {Description} - {Docnum}  "/></t:template>  -->
			</t:Column>
			<t:Column id="onDate" width="120px">
				<Text text="{i18n>DF_CREATED_DATE}" wrapping="false"/>
				<t:template><Text text="{Erdat}"/></t:template>
			</t:Column>
			<t:Column id="status" width="120px">
				<Text text="{i18n>DF_STATUS}" wrapping="false"/>
				<t:template><Text text="{Status}"/></t:template>
			</t:Column>
		</t:TreeTable>
	</Panel>
</core:FragmentDefinition>