<core:FragmentDefinition xmlns="sap.m" xmlns:l="sap.ui.layout"
	xmlns:fb="sap.ui.comp.filterbar" xmlns:core="sap.ui.core">
//	  search="handleSearchOrganization" change="handleChangeOrganization"
	<TableSelectDialog id="selectOrganizationalDataID"
	    contentHeight="250px"
		contentWidth="500px" 
		multiSelect="false"
		noDataText="Loading...."
		title="Sales Org. is not Assigned to you. Please select Sales org. to continue.."
		class="partHelp" items="{orgData>/}">
		<columns>
			<Column  width="60px" >
				<Text text="SaleOrg" class='ColumnLabel' />
			</Column>
			<Column  width="70px">
				<Text text="Discription" class='ColumnLabel' />
			</Column>
			<Column hAlign="Center" width="120px" visible="false">
				<Text text="Distribution" class='ColumnLabel' />
			</Column>
			<Column hAlign="Center" width="80px" visible="false">
				<Text text="Division" class='ColumnLabel' />
			</Column>
			<Column hAlign="Center" width="60px"  visible="false">
				<Text text="" class='ColumnLabel' />
			</Column>
		</columns>
		<items>
			<ColumnListItem>
				<cells>
					<ObjectIdentifier text="{orgData>Value}" />
					<Text text="{orgData>Text}" />
					<Text text="" />
					<Text text="" />
					<Text text="" />
				</cells>
			</ColumnListItem>
		</items>

	</TableSelectDialog>
</core:FragmentDefinition>


