<core:FragmentDefinition xmlns="sap.m"
	xmlns:core="sap.ui.core" xmlns:l="sap.ui.layout"
	xmlns:f="sap.ui.layout.form"
	xmlns:app="http://schemas.sap.com/sapui5/extension/sap.ui.core.CustomData/1">
	<Dialog
		title="SharePoint Credentials(Enter VPN User Name and Password)"
		id="dialogSharepointCredentials" draggable="true" contentWidth="500px"
		class="sapUiSizeCompact">
		
		<Panel id='SharePointCredentials_P1' class="sapUiSizeCompact"
			  expandable="false" expanded="true" visible="true">
			<content>
				<l:Grid class="gridMarginTop" vSpacing="1rem" hSpacing="0rem"
					defaultSpan="L6 M6 S12">
					<l:content>
<!-- 1st Row -->
						<Input editable="false" value="User ID" class='ColumnLabel'>
							<layoutData>
								<l:GridData span="L3 M3 S3" />
							</layoutData>
						</Input>
						<Input placeholder="" value="{sharepoint>/UserId}"  
							editable="{currentState>/isEditMode}">
							<layoutData>
								<l:GridData span="L5 M5 S5" />
							</layoutData>
						</Input>
						<Input  placeholder=""  value="" editable="false">
							<layoutData>
								<l:GridData span="L4 M4 S4" />
							</layoutData>
						</Input> 

<!-- 2nd Row -->
						<Input editable="false" value="Password" class="ColumnLabel" >
							<layoutData>
								<l:GridData span="L3 M3 S3" />
							</layoutData>
						</Input>
						<Input placeholder="" value="{sharepoint>/Password}"   type = "Password"
							editable="{currentState>/isEditMode}">
							<layoutData>
								<l:GridData span="L5 M5 S5" />
							</layoutData>
						</Input>
						<Input id="NameWaringID"  placeholder="" class="Warning" value="" editable="false">
							<layoutData>
								<l:GridData span="L4 M4 S4" />
							</layoutData>
						</Input>
	



					</l:content>
				</l:Grid>

			</content>

		</Panel> 

		<Toolbar design="Auto">
		<!-- 	<ToolbarSpacer /> -->
			   <Button  text="Continue"   tooltip="Continue to accept" 
				        type="Accept" press="handleTriggerSharepoint"  icon="sap-icon://accept" />
				        	        
		   	   <Button  text="Cancel" tooltip="Cancel to Exit"      
				        type="Reject" press="handleCancelSharepoint" icon="sap-icon://sys-cancel" />	
				        
        	
		</Toolbar>
	</Dialog>
</core:FragmentDefinition>
