{
	"welcomeFile": "index.html",
	"routes": [{
		"path": "/sap/opu/odata",
		"target": {
			"type": "destination",
			"name": "GDT_HET_300",
			"entryPath": "/sap/opu/odata"
		},
		"description": "GDT HET 300"
	}, {
		"path": "/sap/bc/ui5_ui5",
		"target": {
			"type": "destination",
			"name": "GDT_HET_300",
			"entryPath": "/sap/bc/ui5_ui5"
		},
		"description": "GDT HET 300"
	}, {
		"path": "webapp/resources",
		"target": {
			"type": "service",
			"name": "sapui5",
			"entryPath": "/resources"
		},
		"description": "SAPUI5 Resources"
	}, {
		"path": "webapp/test-resources",
		"target": {
			"type": "service",
			"name": "sapui5",
			"entryPath": "/test-resources"
		},
		"description": "SAPUI5 Test Resources"
	}]
}